fold,unique_id,slice,train_start,train_end,mean,std,transform
0,subnet_0__URLLC,URLLC,2024-06-26 16:00:00,2024-07-10 15:50:00,1.4447184505019175,3.069533305656936,log1p_zscore
0,subnet_0__URLLC_eMBB_MIX,URLLC_eMBB_MIX,2024-06-26 16:00:00,2024-07-10 15:50:00,10.439065846519497,0.7737302607274575,log1p_zscore
0,subnet_0__eMBB,eMBB,2024-06-26 16:00:00,2024-07-10 15:50:00,5.655109920441803,5.273576747017427,log1p_zscore
0,subnet_0__mMTC,mMTC,2024-06-26 16:00:00,2024-07-10 15:50:00,2.0740774588150406,3.324280014324818,log1p_zscore
0,subnet_106__URLLC,URLLC,2024-06-26 16:00:00,2024-07-10 15:50:00,0.30379405975650114,1.252084489868132,log1p_zscore
0,subnet_106__URLLC_eMBB_MIX,URLLC_eMBB_MIX,2024-06-26 16:00:00,2024-07-10 15:50:00,0.3125815339495549,1.307744049464899,log1p_zscore
0,subnet_106__eMBB,eMBB,2024-06-26 16:00:00,2024-07-10 15:50:00,0.019455959631313437,0.4370762730818351,log1p_zscore
0,subnet_106__mMTC,mMTC,2024-06-26 16:00:00,2024-07-10 15:50:00,0.13325783547959275,0.9748390371030663,log1p_zscore
0,subnet_107__URLLC,URLLC,2024-06-26 16:00:00,2024-07-10 15:50:00,2.314581275147199,2.956387378704757,log1p_zscore
0,subnet_107__URLLC_eMBB_MIX,URLLC_eMBB_MIX,2024-06-26 16:00:00,2024-07-10 15:50:00,1.1127871714355688,2.4374025729605573,log1p_zscore
0,subnet_107__eMBB,eMBB,2024-06-26 16:00:00,2024-07-10 15:50:00,0.2423990029009375,1.4775385626969604,log1p_zscore
0,subnet_107__mMTC,mMTC,2024-06-26 16:00:00,2024-07-10 15:50:00,4.456900895250171,2.9835728146766987,log1p_zscore
0,subnet_109__URLLC,URLLC,2024-06-26 16:00:00,2024-07-10 15:50:00,0.3403807465587702,1.997044211076007,log1p_zscore
0,subnet_109__URLLC_eMBB_MIX,URLLC_eMBB_MIX,2024-06-26 16:00:00,2024-07-10 15:50:00,0.1804649296673953,1.473572510240765,log1p_zscore
0,subnet_109__eMBB,eMBB,2024-06-26 16:00:00,2024-07-10 15:50:00,3.7967508260945437,5.840133442875654,log1p_zscore
0,subnet_109__mMTC,mMTC,2024-06-26 16:00:00,2024-07-10 15:50:00,0.19191744241894476,1.2284304477923156,log1p_zscore
0,subnet_10__URLLC,URLLC,2024-06-26 16:00:00,2024-07-10 15:50:00,1.0343055226174902,2.3386652901578837,log1p_zscore
0,subnet_10__URLLC_eMBB_MIX,URLLC_eMBB_MIX,2024-06-26 16:00:00,2024-07-10 15:50:00,5.576511012528804,2.7140420328268218,log1p_zscore
0,subnet_10__eMBB,eMBB,2024-06-26 16:00:00,2024-07-10 15:50:00,0.0,1.0,log1p_zscore
0,subnet_10__mMTC,mMTC,2024-06-26 16:00:00,2024-07-10 15:50:00,0.05672976464063818,0.572279559306194,log1p_zscore
0,subnet_113__URLLC,URLLC,2024-06-26 16:00:00,2024-07-10 15:50:00,2.4484975539291542,2.7638642464742844,log1p_zscore
0,subnet_113__URLLC_eMBB_MIX,URLLC_eMBB_MIX,2024-06-26 16:00:00,2024-07-10 15:50:00,1.95631279850409,2.7524648357416854,log1p_zscore
0,subnet_113__eMBB,eMBB,2024-06-26 16:00:00,2024-07-10 15:50:00,0.0,1.0,log1p_zscore
0,subnet_113__mMTC,mMTC,2024-06-26 16:00:00,2024-07-10 15:50:00,0.05844989323072288,0.5850957329906108,log1p_zscore
0,subnet_116__URLLC,URLLC,2024-06-26 16:00:00,2024-07-10 15:50:00,0.22821414619065275,1.0922127589601376,log1p_zscore
0,subnet_116__URLLC_eMBB_MIX,URLLC_eMBB_MIX,2024-06-26 16:00:00,2024-07-10 15:50:00,1.3768953659101275,3.472606546918608,log1p_zscore
0,subnet_116__eMBB,eMBB,2024-06-26 16:00:00,2024-07-10 15:50:00,0.0,1.0,log1p_zscore
0,subnet_116__mMTC,mMTC,2024-06-26 16:00:00,2024-07-10 15:50:00,0.01868313848636482,0.3168941975036296,log1p_zscore
0,subnet_117__URLLC,URLLC,2024-06-26 16:00:00,2024-07-10 15:50:00,0.9912455102169354,2.2273369212334977,log1p_zscore
0,subnet_117__URLLC_eMBB_MIX,URLLC_eMBB_MIX,2024-06-26 16:00:00,2024-07-10 15:50:00,0.3222598260388895,1.3679230451405988,log1p_zscore
0,subnet_117__eMBB,eMBB,2024-06-26 16:00:00,2024-07-10 15:50:00,0.5612210350194048,2.4428356979535035,log1p_zscore
0,subnet_117__mMTC,mMTC,2024-06-26 16:00:00,2024-07-10 15:50:00,4.046268875346496,3.500162709680918,log1p_zscore
0,subnet_124__URLLC,URLLC,2024-06-26 16:00:00,2024-07-10 15:50:00,2.9418179159777256,6.5940794784751935,log1p_zscore
0,subnet_124__URLLC_eMBB_MIX,URLLC_eMBB_MIX,2024-06-26 16:00:00,2024-07-10 15:50:00,3.929874196148335,7.575293047171701,log1p_zscore
0,subnet_124__eMBB,eMBB,2024-06-26 16:00:00,2024-07-10 15:50:00,10.901175072014652,8.643791336674942,log1p_zscore
0,subnet_126__URLLC,URLLC,2024-06-26 16:00:00,2024-07-10 15:50:00,4.7919419071884475,5.425267147015294,log1p_zscore
0,subnet_126__URLLC_eMBB_MIX,URLLC_eMBB_MIX,2024-06-26 16:00:00,2024-07-10 15:50:00,5.699769646138111,6.514393934488805,log1p_zscore
0,subnet_126__eMBB,eMBB,2024-06-26 16:00:00,2024-07-10 15:50:00,11.277434760686818,5.111600533012323,log1p_zscore
0,subnet_126__mMTC,mMTC,2024-06-26 16:00:00,2024-07-10 15:50:00,7.798124916934925,2.6772412653661606,log1p_zscore
0,subnet_136__URLLC,URLLC,2024-06-26 16:00:00,2024-07-10 15:50:00,0.3351678264142295,1.7699897886215663,log1p_zscore
0,subnet_136__URLLC_eMBB_MIX,URLLC_eMBB_MIX,2024-06-26 16:00:00,2024-07-10 15:50:00,0.6275653635979973,2.5915603045368334,log1p_zscore
0,subnet_136__eMBB,eMBB,2024-06-26 16:00:00,2024-07-10 15:50:00,4.14145397551436,5.802423331984817,log1p_zscore
0,subnet_136__mMTC,mMTC,2024-06-26 16:00:00,2024-07-10 15:50:00,2.10266535069957,3.545081282937699,log1p_zscore
0,subnet_13__URLLC,URLLC,2024-06-26 16:00:00,2024-07-10 15:50:00,0.005004202493427364,0.15958160140098157,log1p_zscore
0,subnet_13__URLLC_eMBB_MIX,URLLC_eMBB_MIX,2024-06-26 16:00:00,2024-07-10 15:50:00,0.0,1.0,log1p_zscore
0,subnet_13__eMBB,eMBB,2024-06-26 16:00:00,2024-07-10 15:50:00,0.025889504499454916,0.5862965702347294,log1p_zscore
0,subnet_13__mMTC,mMTC,2024-06-26 16:00:00,2024-07-10 15:50:00,0.07850814105633473,0.7379724249725235,log1p_zscore
0,subnet_146__URLLC,URLLC,2024-06-26 16:00:00,2024-07-10 15:50:00,0.6342900569787792,1.7768968513027341,log1p_zscore
0,subnet_146__URLLC_eMBB_MIX,URLLC_eMBB_MIX,2024-06-26 16:00:00,2024-07-10 15:50:00,0.2059897674568333,1.129760159965688,log1p_zscore
0,subnet_146__eMBB,eMBB,2024-06-26 16:00:00,2024-07-10 15:50:00,0.0,1.0,log1p_zscore
0,subnet_146__mMTC,mMTC,2024-06-26 16:00:00,2024-07-10 15:50:00,3.36522783361399,2.592790872979559,log1p_zscore
0,subnet_147__URLLC,URLLC,2024-06-26 16:00:00,2024-07-10 15:50:00,3.1754327484568794,4.634201056993402,log1p_zscore
0,subnet_147__URLLC_eMBB_MIX,URLLC_eMBB_MIX,2024-06-26 16:00:00,2024-07-10 15:50:00,1.8780620566204338,3.971284468704244,log1p_zscore
0,subnet_147__eMBB,eMBB,2024-06-26 16:00:00,2024-07-10 15:50:00,5.399514982367593,5.640562230065829,log1p_zscore
0,subnet_147__mMTC,mMTC,2024-06-26 16:00:00,2024-07-10 15:50:00,0.049720350066464115,0.6447203353103547,log1p_zscore
0,subnet_148__URLLC,URLLC,2024-06-26 16:00:00,2024-07-10 15:50:00,0.0169154132137851,0.30988562141040865,log1p_zscore
0,subnet_148__URLLC_eMBB_MIX,URLLC_eMBB_MIX,2024-06-26 16:00:00,2024-07-10 15:50:00,0.015656386059416456,0.28662822580551867,log1p_zscore
0,subnet_148__eMBB,eMBB,2024-06-26 16:00:00,2024-07-10 15:50:00,3.946735318704489,5.266130620395137,log1p_zscore
0,subnet_148__mMTC,mMTC,2024-06-26 16:00:00,2024-07-10 15:50:00,0.5481504883559893,2.184075729366113,log1p_zscore
0,subnet_14__URLLC,URLLC,2024-06-26 16:00:00,2024-07-10 15:50:00,0.04672389210427322,0.4938892933407129,log1p_zscore
0,subnet_14__URLLC_eMBB_MIX,URLLC_eMBB_MIX,2024-06-26 16:00:00,2024-07-10 15:50:00,0.0028942513576699427,0.12991932961099065,log1p_zscore
0,subnet_14__eMBB,eMBB,2024-06-26 16:00:00,2024-07-10 15:50:00,0.9316149932831768,2.8810101174923797,log1p_zscore
0,subnet_14__mMTC,mMTC,2024-06-26 16:00:00,2024-07-10 15:50:00,6.67633163321889,3.4735107427919885,log1p_zscore
0,subnet_158__URLLC,URLLC,2024-06-26 16:00:00,2024-07-10 15:50:00,0.4689948730505729,1.8652455170379212,log1p_zscore
0,subnet_158__URLLC_eMBB_MIX,URLLC_eMBB_MIX,2024-06-26 16:00:00,2024-07-10 15:50:00,0.3463603522789662,1.6001388450113962,log1p_zscore
0,subnet_158__eMBB,eMBB,2024-06-26 16:00:00,2024-07-10 15:50:00,3.143284285998822,4.968915213234469,log1p_zscore
0,subnet_158__mMTC,mMTC,2024-06-26 16:00:00,2024-07-10 15:50:00,3.940636896154112,4.371098381853647,log1p_zscore
0,subnet_163__URLLC,URLLC,2024-06-26 16:00:00,2024-07-10 15:50:00,0.0,1.0,log1p_zscore
0,subnet_163__URLLC_eMBB_MIX,URLLC_eMBB_MIX,2024-06-26 16:00:00,2024-07-10 15:50:00,10.3251379355005,0.2417780156831725,log1p_zscore
0,subnet_163__eMBB,eMBB,2024-06-26 16:00:00,2024-07-10 15:50:00,0.0,1.0,log1p_zscore
0,subnet_163__mMTC,mMTC,2024-06-26 16:00:00,2024-07-10 15:50:00,0.0,1.0,log1p_zscore
0,subnet_164__URLLC,URLLC,2024-06-26 16:00:00,2024-07-10 15:50:00,0.15531202396060614,0.8836122041399022,log1p_zscore
0,subnet_164__URLLC_eMBB_MIX,URLLC_eMBB_MIX,2024-06-26 16:00:00,2024-07-10 15:50:00,0.1511089968683117,0.8999959181174437,log1p_zscore
0,subnet_164__eMBB,eMBB,2024-06-26 16:00:00,2024-07-10 15:50:00,0.0,1.0,log1p_zscore
0,subnet_164__mMTC,mMTC,2024-06-26 16:00:00,2024-07-10 15:50:00,0.01630001115340482,0.2985951774978459,log1p_zscore
0,subnet_171__URLLC,URLLC,2024-06-26 16:00:00,2024-07-10 15:50:00,0.4506439966614842,2.7752023532109744,log1p_zscore
0,subnet_171__URLLC_eMBB_MIX,URLLC_eMBB_MIX,2024-06-26 16:00:00,2024-07-10 15:50:00,0.556460194727489,3.129982406207598,log1p_zscore
0,subnet_171__eMBB,eMBB,2024-06-26 16:00:00,2024-07-10 15:50:00,16.353344690401972,4.144579937100482,log1p_zscore
0,subnet_178__URLLC,URLLC,2024-06-26 16:00:00,2024-07-10 15:50:00,0.010773733596113076,0.24253919784408928,log1p_zscore
0,subnet_178__URLLC_eMBB_MIX,URLLC_eMBB_MIX,2024-06-26 16:00:00,2024-07-10 15:50:00,0.0031804654105703854,0.1427671210716488,log1p_zscore
0,subnet_178__eMBB,eMBB,2024-06-26 16:00:00,2024-07-10 15:50:00,0.0,1.0,log1p_zscore
0,subnet_178__mMTC,mMTC,2024-06-26 16:00:00,2024-07-10 15:50:00,0.1466930839590783,0.9167864969606775,log1p_zscore
0,subnet_179__URLLC,URLLC,2024-06-26 16:00:00,2024-07-10 15:50:00,0.045802901784878135,0.4982977500712515,log1p_zscore
0,subnet_179__URLLC_eMBB_MIX,URLLC_eMBB_MIX,2024-06-26 16:00:00,2024-07-10 15:50:00,0.003300031264560192,0.148134282964328,log1p_zscore
0,subnet_179__eMBB,eMBB,2024-06-26 16:00:00,2024-07-10 15:50:00,0.0,1.0,log1p_zscore
0,subnet_179__mMTC,mMTC,2024-06-26 16:00:00,2024-07-10 15:50:00,0.36579328768875224,1.2976083806278935,log1p_zscore
0,subnet_17__URLLC,URLLC,2024-06-26 16:00:00,2024-07-10 15:50:00,9.331753169718496,3.1799137888627187,log1p_zscore
0,subnet_17__URLLC_eMBB_MIX,URLLC_eMBB_MIX,2024-06-26 16:00:00,2024-07-10 15:50:00,15.413733951013953,0.7727633966759674,log1p_zscore
0,subnet_17__eMBB,eMBB,2024-06-26 16:00:00,2024-07-10 15:50:00,12.356049653356271,3.777350663626172,log1p_zscore
0,subnet_17__mMTC,mMTC,2024-06-26 16:00:00,2024-07-10 15:50:00,8.005426956381617,2.470425403892819,log1p_zscore
0,subnet_181__URLLC,URLLC,2024-06-26 16:00:00,2024-07-10 15:50:00,0.0,1.0,log1p_zscore
0,subnet_181__URLLC_eMBB_MIX,URLLC_eMBB_MIX,2024-06-26 16:00:00,2024-07-10 15:50:00,0.0,1.0,log1p_zscore
0,subnet_181__eMBB,eMBB,2024-06-26 16:00:00,2024-07-10 15:50:00,0.0,1.0,log1p_zscore
0,subnet_181__mMTC,mMTC,2024-06-26 16:00:00,2024-07-10 15:50:00,0.0025445926165293025,0.1142235853138585,log1p_zscore
0,subnet_200__URLLC,URLLC,2024-06-26 16:00:00,2024-07-10 15:50:00,7.90438475551814,2.49344616344998,log1p_zscore
0,subnet_200__URLLC_eMBB_MIX,URLLC_eMBB_MIX,2024-06-26 16:00:00,2024-07-10 15:50:00,10.491835668907036,2.240651837685811,log1p_zscore
0,subnet_200__eMBB,eMBB,2024-06-26 16:00:00,2024-07-10 15:50:00,13.429610156697029,1.7801023001268759,log1p_zscore
0,subnet_200__mMTC,mMTC,2024-06-26 16:00:00,2024-07-10 15:50:00,8.581424596392326,1.2802667455041623,log1p_zscore
0,subnet_202__URLLC,URLLC,2024-06-26 16:00:00,2024-07-10 15:50:00,7.422375729179413,3.124770854210353,log1p_zscore
0,subnet_202__URLLC_eMBB_MIX,URLLC_eMBB_MIX,2024-06-26 16:00:00,2024-07-10 15:50:00,11.467016775027346,1.0365306804212282,log1p_zscore
0,subnet_202__eMBB,eMBB,2024-06-26 16:00:00,2024-07-10 15:50:00,13.498897087127453,1.3218812145931658,log1p_zscore
0,subnet_202__mMTC,mMTC,2024-06-26 16:00:00,2024-07-10 15:50:00,8.953968177811634,1.1157369732359432,log1p_zscore
0,subnet_206__URLLC,URLLC,2024-06-26 16:00:00,2024-07-10 15:50:00,0.0,1.0,log1p_zscore
0,subnet_206__URLLC_eMBB_MIX,URLLC_eMBB_MIX,2024-06-26 16:00:00,2024-07-10 15:50:00,0.0,1.0,log1p_zscore
0,subnet_206__eMBB,eMBB,2024-06-26 16:00:00,2024-07-10 15:50:00,0.0,1.0,log1p_zscore
0,subnet_206__mMTC,mMTC,2024-06-26 16:00:00,2024-07-10 15:50:00,0.0,1.0,log1p_zscore
0,subnet_211__URLLC,URLLC,2024-06-26 16:00:00,2024-07-10 15:50:00,0.011645634190505136,0.2625916998764077,log1p_zscore
0,subnet_211__URLLC_eMBB_MIX,URLLC_eMBB_MIX,2024-06-26 16:00:00,2024-07-10 15:50:00,0.002511207853684011,0.11272498499478537,log1p_zscore
0,subnet_211__eMBB,eMBB,2024-06-26 16:00:00,2024-07-10 15:50:00,11.736603752810954,3.5889941829351524,log1p_zscore
0,subnet_211__mMTC,mMTC,2024-06-26 16:00:00,2024-07-10 15:50:00,0.9608360474587688,2.7294070326757853,log1p_zscore
0,subnet_235__URLLC,URLLC,2024-06-26 16:00:00,2024-07-10 15:50:00,2.349532965606976,3.3036258681013293,log1p_zscore
0,subnet_235__URLLC_eMBB_MIX,URLLC_eMBB_MIX,2024-06-26 16:00:00,2024-07-10 15:50:00,2.561963773450191,3.281301707778968,log1p_zscore
0,subnet_235__eMBB,eMBB,2024-06-26 16:00:00,2024-07-10 15:50:00,6.757264035648459,5.9342935728622415,log1p_zscore
0,subnet_235__mMTC,mMTC,2024-06-26 16:00:00,2024-07-10 15:50:00,7.5880848578491396,1.488287553318499,log1p_zscore
0,subnet_236__URLLC,URLLC,2024-06-26 16:00:00,2024-07-10 15:50:00,5.622341205141006,4.5100660192927755,log1p_zscore
0,subnet_236__URLLC_eMBB_MIX,URLLC_eMBB_MIX,2024-06-26 16:00:00,2024-07-10 15:50:00,7.265560791615734,4.893425192150382,log1p_zscore
0,subnet_236__eMBB,eMBB,2024-06-26 16:00:00,2024-07-10 15:50:00,11.742089999368899,4.5649661315732315,log1p_zscore
0,subnet_236__mMTC,mMTC,2024-06-26 16:00:00,2024-07-10 15:50:00,7.730821761752676,2.609614097439144,log1p_zscore
0,subnet_238__URLLC,URLLC,2024-06-26 16:00:00,2024-07-10 15:50:00,3.232694424875967,3.7863921769666526,log1p_zscore
0,subnet_238__URLLC_eMBB_MIX,URLLC_eMBB_MIX,2024-06-26 16:00:00,2024-07-10 15:50:00,2.0610319026858757,4.256574182637102,log1p_zscore
0,subnet_238__eMBB,eMBB,2024-06-26 16:00:00,2024-07-10 15:50:00,5.580861092649429,5.952126638445252,log1p_zscore
0,subnet_238__mMTC,mMTC,2024-06-26 16:00:00,2024-07-10 15:50:00,8.063694129259392,1.2228327988788021,log1p_zscore
0,subnet_241__URLLC,URLLC,2024-06-26 16:00:00,2024-07-10 15:50:00,5.678216495501697,3.558759810514589,log1p_zscore
0,subnet_241__URLLC_eMBB_MIX,URLLC_eMBB_MIX,2024-06-26 16:00:00,2024-07-10 15:50:00,8.354355328468774,2.1797689083105265,log1p_zscore
0,subnet_241__eMBB,eMBB,2024-06-26 16:00:00,2024-07-10 15:50:00,12.599505538498006,1.9682643939113422,log1p_zscore
0,subnet_241__mMTC,mMTC,2024-06-26 16:00:00,2024-07-10 15:50:00,7.184996910514075,2.1258897680025792,log1p_zscore
0,subnet_242__URLLC,URLLC,2024-06-26 16:00:00,2024-07-10 15:50:00,5.181336513576257,3.1482393455159587,log1p_zscore
0,subnet_242__URLLC_eMBB_MIX,URLLC_eMBB_MIX,2024-06-26 16:00:00,2024-07-10 15:50:00,6.068446767032771,3.615173934655298,log1p_zscore
0,subnet_242__eMBB,eMBB,2024-06-26 16:00:00,2024-07-10 15:50:00,6.397151595593147,5.5883701582082335,log1p_zscore
0,subnet_242__mMTC,mMTC,2024-06-26 16:00:00,2024-07-10 15:50:00,7.471186644324213,2.4962034553409485,log1p_zscore
0,subnet_244__URLLC,URLLC,2024-06-26 16:00:00,2024-07-10 15:50:00,0.006142531731819517,0.19899541249654687,log1p_zscore
0,subnet_244__URLLC_eMBB_MIX,URLLC_eMBB_MIX,2024-06-26 16:00:00,2024-07-10 15:50:00,0.0,1.0,log1p_zscore
0,subnet_244__eMBB,eMBB,2024-06-26 16:00:00,2024-07-10 15:50:00,0.01725537712742055,0.4528537023640349,log1p_zscore
0,subnet_244__mMTC,mMTC,2024-06-26 16:00:00,2024-07-10 15:50:00,0.5458964055134252,1.958562016991625,log1p_zscore
0,subnet_249__eMBB,eMBB,2024-06-26 16:00:00,2024-07-10 15:50:00,20.58681923085436,0.44226404808331976,log1p_zscore
0,subnet_250__URLLC,URLLC,2024-06-26 16:00:00,2024-07-10 15:50:00,1.4592904592628093,3.4838825389192216,log1p_zscore
0,subnet_250__URLLC_eMBB_MIX,URLLC_eMBB_MIX,2024-06-26 16:00:00,2024-07-10 15:50:00,1.3694258557387609,3.9044329014140744,log1p_zscore
0,subnet_250__eMBB,eMBB,2024-06-26 16:00:00,2024-07-10 15:50:00,10.00813640997202,4.415918725500884,log1p_zscore
0,subnet_250__mMTC,mMTC,2024-06-26 16:00:00,2024-07-10 15:50:00,8.61428276611143,1.9792457722140266,log1p_zscore
0,subnet_261__URLLC,URLLC,2024-06-26 16:00:00,2024-07-10 15:50:00,1.8984452877632778,2.7347230481494313,log1p_zscore
0,subnet_261__URLLC_eMBB_MIX,URLLC_eMBB_MIX,2024-06-26 16:00:00,2024-07-10 15:50:00,3.66589685975668,3.166824572916048,log1p_zscore
0,subnet_261__eMBB,eMBB,2024-06-26 16:00:00,2024-07-10 15:50:00,0.03941258091124118,0.6256678483258067,log1p_zscore
0,subnet_261__mMTC,mMTC,2024-06-26 16:00:00,2024-07-10 15:50:00,0.22703052918877217,1.1484630507916158,log1p_zscore
0,subnet_263__URLLC,URLLC,2024-06-26 16:00:00,2024-07-10 15:50:00,4.18571471074085,3.79686954899095,log1p_zscore
0,subnet_263__URLLC_eMBB_MIX,URLLC_eMBB_MIX,2024-06-26 16:00:00,2024-07-10 15:50:00,14.55065718251907,2.717017344936795,log1p_zscore
0,subnet_263__eMBB,eMBB,2024-06-26 16:00:00,2024-07-10 15:50:00,5.484471184491393,5.85917163570323,log1p_zscore
0,subnet_263__mMTC,mMTC,2024-06-26 16:00:00,2024-07-10 15:50:00,4.43408547152531,3.819470838022489,log1p_zscore
0,subnet_271__URLLC,URLLC,2024-06-26 16:00:00,2024-07-10 15:50:00,0.0828754417252748,0.7688974239852552,log1p_zscore
0,subnet_271__URLLC_eMBB_MIX,URLLC_eMBB_MIX,2024-06-26 16:00:00,2024-07-10 15:50:00,0.02143446264402906,0.37141062232569705,log1p_zscore
0,subnet_271__eMBB,eMBB,2024-06-26 16:00:00,2024-07-10 15:50:00,3.4066193064711343,4.827134667219789,log1p_zscore
0,subnet_271__mMTC,mMTC,2024-06-26 16:00:00,2024-07-10 15:50:00,3.441681655272624,4.012421857257002,log1p_zscore
0,subnet_272__URLLC,URLLC,2024-06-26 16:00:00,2024-07-10 15:50:00,0.03831552274957103,0.6506101977721378,log1p_zscore
0,subnet_272__URLLC_eMBB_MIX,URLLC_eMBB_MIX,2024-06-26 16:00:00,2024-07-10 15:50:00,0.03900465719637653,0.6731831913717171,log1p_zscore
0,subnet_272__eMBB,eMBB,2024-06-26 16:00:00,2024-07-10 15:50:00,0.29268725627953324,1.8990791489092367,log1p_zscore
0,subnet_272__mMTC,mMTC,2024-06-26 16:00:00,2024-07-10 15:50:00,0.009208841498465238,0.24782130433303717,log1p_zscore
0,subnet_273__URLLC,URLLC,2024-06-26 16:00:00,2024-07-10 15:50:00,0.025465018371939173,0.3844321134785881,log1p_zscore
0,subnet_273__URLLC_eMBB_MIX,URLLC_eMBB_MIX,2024-06-26 16:00:00,2024-07-10 15:50:00,0.010937400512920884,0.24731451250603056,log1p_zscore
0,subnet_273__eMBB,eMBB,2024-06-26 16:00:00,2024-07-10 15:50:00,0.5166946716135942,2.4454657455549724,log1p_zscore
0,subnet_273__mMTC,mMTC,2024-06-26 16:00:00,2024-07-10 15:50:00,0.16838513344015651,1.1747038535467038,log1p_zscore
0,subnet_278__URLLC,URLLC,2024-06-26 16:00:00,2024-07-10 15:50:00,0.26135445463245727,1.4222826350220499,log1p_zscore
0,subnet_278__URLLC_eMBB_MIX,URLLC_eMBB_MIX,2024-06-26 16:00:00,2024-07-10 15:50:00,0.0,1.0,log1p_zscore
0,subnet_278__eMBB,eMBB,2024-06-26 16:00:00,2024-07-10 15:50:00,6.381480364584869,4.359551559770937,log1p_zscore
0,subnet_278__mMTC,mMTC,2024-06-26 16:00:00,2024-07-10 15:50:00,1.9198763038766746,3.3537874618177272,log1p_zscore
0,subnet_281__URLLC,URLLC,2024-06-26 16:00:00,2024-07-10 15:50:00,0.31780964470112605,1.4110040187178179,log1p_zscore
0,subnet_281__URLLC_eMBB_MIX,URLLC_eMBB_MIX,2024-06-26 16:00:00,2024-07-10 15:50:00,6.884383754478783,1.7694688946644226,log1p_zscore
0,subnet_281__eMBB,eMBB,2024-06-26 16:00:00,2024-07-10 15:50:00,0.0,1.0,log1p_zscore
0,subnet_281__mMTC,mMTC,2024-06-26 16:00:00,2024-07-10 15:50:00,0.008107895257996173,0.21011949031929553,log1p_zscore
0,subnet_302__URLLC,URLLC,2024-06-26 16:00:00,2024-07-10 15:50:00,0.022858289029635707,0.4326358134373397,log1p_zscore
0,subnet_302__URLLC_eMBB_MIX,URLLC_eMBB_MIX,2024-06-26 16:00:00,2024-07-10 15:50:00,0.04915596000423421,0.740059561964902,log1p_zscore
0,subnet_302__eMBB,eMBB,2024-06-26 16:00:00,2024-07-10 15:50:00,0.1818207361985786,1.4503950631936209,log1p_zscore
0,subnet_302__mMTC,mMTC,2024-06-26 16:00:00,2024-07-10 15:50:00,0.15897280426858182,1.1004355131464005,log1p_zscore
0,subnet_310__URLLC,URLLC,2024-06-26 16:00:00,2024-07-10 15:50:00,0.7435610821956838,1.9456308492105279,log1p_zscore
0,subnet_310__URLLC_eMBB_MIX,URLLC_eMBB_MIX,2024-06-26 16:00:00,2024-07-10 15:50:00,0.44892053589338576,1.6344274549909623,log1p_zscore
0,subnet_310__eMBB,eMBB,2024-06-26 16:00:00,2024-07-10 15:50:00,1.4893018366616382,3.524685297694027,log1p_zscore
0,subnet_310__mMTC,mMTC,2024-06-26 16:00:00,2024-07-10 15:50:00,3.313266363871175,3.4993423738780987,log1p_zscore
0,subnet_316__URLLC,URLLC,2024-06-26 16:00:00,2024-07-10 15:50:00,0.27943562313089587,1.7578435027453991,log1p_zscore
0,subnet_316__URLLC_eMBB_MIX,URLLC_eMBB_MIX,2024-06-26 16:00:00,2024-07-10 15:50:00,0.2046343707553739,1.4871462744853758,log1p_zscore
0,subnet_316__eMBB,eMBB,2024-06-26 16:00:00,2024-07-10 15:50:00,2.836396159533397,4.915278060714234,log1p_zscore
0,subnet_316__mMTC,mMTC,2024-06-26 16:00:00,2024-07-10 15:50:00,3.688802406277695,4.3440125313941795,log1p_zscore
0,subnet_322__URLLC,URLLC,2024-06-26 16:00:00,2024-07-10 15:50:00,0.3338172554696654,1.3153550754843217,log1p_zscore
0,subnet_322__URLLC_eMBB_MIX,URLLC_eMBB_MIX,2024-06-26 16:00:00,2024-07-10 15:50:00,0.07016107142696752,0.6565037481334687,log1p_zscore
0,subnet_322__eMBB,eMBB,2024-06-26 16:00:00,2024-07-10 15:50:00,0.0,1.0,log1p_zscore
0,subnet_322__mMTC,mMTC,2024-06-26 16:00:00,2024-07-10 15:50:00,3.286071636205235,2.5637082660010937,log1p_zscore
0,subnet_324__URLLC,URLLC,2024-06-26 16:00:00,2024-07-10 15:50:00,0.26076634324467657,1.774062811387689,log1p_zscore
0,subnet_324__URLLC_eMBB_MIX,URLLC_eMBB_MIX,2024-06-26 16:00:00,2024-07-10 15:50:00,0.01255277572123904,0.3563300500209451,log1p_zscore
0,subnet_324__eMBB,eMBB,2024-06-26 16:00:00,2024-07-10 15:50:00,12.496762330976612,2.195682091632664,log1p_zscore
0,subnet_324__mMTC,mMTC,2024-06-26 16:00:00,2024-07-10 15:50:00,0.009084932986869477,0.2897669140283905,log1p_zscore
0,subnet_32__URLLC,URLLC,2024-06-26 16:00:00,2024-07-10 15:50:00,0.3910104300765419,1.4472450035006295,log1p_zscore
0,subnet_32__URLLC_eMBB_MIX,URLLC_eMBB_MIX,2024-06-26 16:00:00,2024-07-10 15:50:00,0.13689451212071757,0.9048531500868885,log1p_zscore
0,subnet_32__eMBB,eMBB,2024-06-26 16:00:00,2024-07-10 15:50:00,6.194365784708729,5.930317557309963,log1p_zscore
0,subnet_32__mMTC,mMTC,2024-06-26 16:00:00,2024-07-10 15:50:00,2.1972243156767832,3.343444760909946,log1p_zscore
0,subnet_330__URLLC,URLLC,2024-06-26 16:00:00,2024-07-10 15:50:00,0.02560063411511622,0.5742478500535378,log1p_zscore
0,subnet_330__URLLC_eMBB_MIX,URLLC_eMBB_MIX,2024-06-26 16:00:00,2024-07-10 15:50:00,0.023010345978508377,0.5964830108830509,log1p_zscore
0,subnet_330__eMBB,eMBB,2024-06-26 16:00:00,2024-07-10 15:50:00,12.904194540435686,1.3006397344664635,log1p_zscore
0,subnet_330__mMTC,mMTC,2024-06-26 16:00:00,2024-07-10 15:50:00,0.0,1.0,log1p_zscore
0,subnet_332__URLLC,URLLC,2024-06-26 16:00:00,2024-07-10 15:50:00,1.4602805107652717,3.913314420467245,log1p_zscore
0,subnet_332__URLLC_eMBB_MIX,URLLC_eMBB_MIX,2024-06-26 16:00:00,2024-07-10 15:50:00,0.5101427405780894,2.8017068770625797,log1p_zscore
0,subnet_332__eMBB,eMBB,2024-06-26 16:00:00,2024-07-10 15:50:00,10.792144709471021,5.030497142336549,log1p_zscore
0,subnet_332__mMTC,mMTC,2024-06-26 16:00:00,2024-07-10 15:50:00,0.0,1.0,log1p_zscore
0,subnet_336__URLLC,URLLC,2024-06-26 16:00:00,2024-07-10 15:50:00,0.026153066064180473,0.4147809241743192,log1p_zscore
0,subnet_336__URLLC_eMBB_MIX,URLLC_eMBB_MIX,2024-06-26 16:00:00,2024-07-10 15:50:00,0.0,1.0,log1p_zscore
0,subnet_336__eMBB,eMBB,2024-06-26 16:00:00,2024-07-10 15:50:00,0.008359343669064446,0.2652903654294273,log1p_zscore
0,subnet_336__mMTC,mMTC,2024-06-26 16:00:00,2024-07-10 15:50:00,0.569888339444171,1.7873104744250845,log1p_zscore
0,subnet_337__URLLC,URLLC,2024-06-26 16:00:00,2024-07-10 15:50:00,0.0,1.0,log1p_zscore
0,subnet_337__URLLC_eMBB_MIX,URLLC_eMBB_MIX,2024-06-26 16:00:00,2024-07-10 15:50:00,0.0,1.0,log1p_zscore
0,subnet_337__eMBB,eMBB,2024-06-26 16:00:00,2024-07-10 15:50:00,0.0,1.0,log1p_zscore
0,subnet_337__mMTC,mMTC,2024-06-26 16:00:00,2024-07-10 15:50:00,0.013140036693149277,0.3408507547578648,log1p_zscore
0,subnet_342__URLLC,URLLC,2024-06-26 16:00:00,2024-07-10 15:50:00,0.021832727567811048,0.34964258173703644,log1p_zscore
0,subnet_342__URLLC_eMBB_MIX,URLLC_eMBB_MIX,2024-06-26 16:00:00,2024-07-10 15:50:00,0.0,1.0,log1p_zscore
0,subnet_342__eMBB,eMBB,2024-06-26 16:00:00,2024-07-10 15:50:00,2.2759126953375026,4.456751775096217,log1p_zscore
0,subnet_342__mMTC,mMTC,2024-06-26 16:00:00,2024-07-10 15:50:00,3.527993953226515,4.488339112729539,log1p_zscore
0,subnet_356__URLLC,URLLC,2024-06-26 16:00:00,2024-07-10 15:50:00,1.4249872873681573,3.975921734033187,log1p_zscore
0,subnet_356__URLLC_eMBB_MIX,URLLC_eMBB_MIX,2024-06-26 16:00:00,2024-07-10 15:50:00,1.2230748458022513,4.162500964397094,log1p_zscore
0,subnet_356__eMBB,eMBB,2024-06-26 16:00:00,2024-07-10 15:50:00,8.372287478772481,5.821821009239606,log1p_zscore
0,subnet_356__mMTC,mMTC,2024-06-26 16:00:00,2024-07-10 15:50:00,0.5794837645376402,2.1482836625899444,log1p_zscore
0,subnet_36__URLLC,URLLC,2024-06-26 16:00:00,2024-07-10 15:50:00,0.018742859738030273,0.31794359039540454,log1p_zscore
0,subnet_36__URLLC_eMBB_MIX,URLLC_eMBB_MIX,2024-06-26 16:00:00,2024-07-10 15:50:00,0.0,1.0,log1p_zscore
0,subnet_36__eMBB,eMBB,2024-06-26 16:00:00,2024-07-10 15:50:00,0.006894630919187471,0.30949137315329006,log1p_zscore
0,subnet_36__mMTC,mMTC,2024-06-26 16:00:00,2024-07-10 15:50:00,0.24229691878477938,1.2811572298473806,log1p_zscore
0,subnet_373__URLLC,URLLC,2024-06-26 16:00:00,2024-07-10 15:50:00,0.07649004935609989,1.1434369159572007,log1p_zscore
0,subnet_373__URLLC_eMBB_MIX,URLLC_eMBB_MIX,2024-06-26 16:00:00,2024-07-10 15:50:00,0.17261960088470407,1.7418124233211234,log1p_zscore
0,subnet_373__eMBB,eMBB,2024-06-26 16:00:00,2024-07-10 15:50:00,13.332200216369447,2.498300579568321,log1p_zscore
0,subnet_373__mMTC,mMTC,2024-06-26 16:00:00,2024-07-10 15:50:00,0.0,1.0,log1p_zscore
0,subnet_38__URLLC,URLLC,2024-06-26 16:00:00,2024-07-10 15:50:00,0.5543902330809669,1.7281018350211597,log1p_zscore
0,subnet_38__URLLC_eMBB_MIX,URLLC_eMBB_MIX,2024-06-26 16:00:00,2024-07-10 15:50:00,0.38328234155343227,1.476864183329158,log1p_zscore
0,subnet_38__eMBB,eMBB,2024-06-26 16:00:00,2024-07-10 15:50:00,0.7041244768806578,2.541586722938692,log1p_zscore
0,subnet_38__mMTC,mMTC,2024-06-26 16:00:00,2024-07-10 15:50:00,2.481318739444772,3.7917106976624626,log1p_zscore
0,subnet_415__URLLC,URLLC,2024-06-26 16:00:00,2024-07-10 15:50:00,0.9668212759167528,2.151436583663847,log1p_zscore
0,subnet_415__URLLC_eMBB_MIX,URLLC_eMBB_MIX,2024-06-26 16:00:00,2024-07-10 15:50:00,1.705082833012364,2.705726867263726,log1p_zscore
0,subnet_415__eMBB,eMBB,2024-06-26 16:00:00,2024-07-10 15:50:00,0.2057305917098164,1.400941246670211,log1p_zscore
0,subnet_415__mMTC,mMTC,2024-06-26 16:00:00,2024-07-10 15:50:00,0.7251110775838971,2.2848702595934873,log1p_zscore
0,subnet_418__URLLC,URLLC,2024-06-26 16:00:00,2024-07-10 15:50:00,0.33538495091073683,1.3311722270722355,log1p_zscore
0,subnet_418__URLLC_eMBB_MIX,URLLC_eMBB_MIX,2024-06-26 16:00:00,2024-07-10 15:50:00,0.7047592219070878,1.9909542958414161,log1p_zscore
0,subnet_418__eMBB,eMBB,2024-06-26 16:00:00,2024-07-10 15:50:00,0.0,1.0,log1p_zscore
0,subnet_418__mMTC,mMTC,2024-06-26 16:00:00,2024-07-10 15:50:00,0.02262074898102261,0.3588888865086561,log1p_zscore
0,subnet_419__URLLC,URLLC,2024-06-26 16:00:00,2024-07-10 15:50:00,0.37387606255829736,1.4854866477656574,log1p_zscore
0,subnet_419__URLLC_eMBB_MIX,URLLC_eMBB_MIX,2024-06-26 16:00:00,2024-07-10 15:50:00,0.24501968432396162,1.2200295936481313,log1p_zscore
0,subnet_419__eMBB,eMBB,2024-06-26 16:00:00,2024-07-10 15:50:00,0.7977465747361729,2.7247493237012193,log1p_zscore
0,subnet_419__mMTC,mMTC,2024-06-26 16:00:00,2024-07-10 15:50:00,3.169223802810309,3.925998355782071,log1p_zscore
0,subnet_438__URLLC,URLLC,2024-06-26 16:00:00,2024-07-10 15:50:00,0.2268114151208863,1.0926120951809615,log1p_zscore
0,subnet_438__URLLC_eMBB_MIX,URLLC_eMBB_MIX,2024-06-26 16:00:00,2024-07-10 15:50:00,0.030540542246067236,0.4363989340368478,log1p_zscore
0,subnet_438__eMBB,eMBB,2024-06-26 16:00:00,2024-07-10 15:50:00,0.0,1.0,log1p_zscore
0,subnet_438__mMTC,mMTC,2024-06-26 16:00:00,2024-07-10 15:50:00,2.6968566782731096,2.6068933410024067,log1p_zscore
0,subnet_449__URLLC,URLLC,2024-06-26 16:00:00,2024-07-10 15:50:00,0.0,1.0,log1p_zscore
0,subnet_449__URLLC_eMBB_MIX,URLLC_eMBB_MIX,2024-06-26 16:00:00,2024-07-10 15:50:00,0.0,1.0,log1p_zscore
0,subnet_449__mMTC,mMTC,2024-06-26 16:00:00,2024-07-10 15:50:00,0.010338031969021864,0.23228575231714071,log1p_zscore
0,subnet_454__URLLC,URLLC,2024-06-26 16:00:00,2024-07-10 15:50:00,0.12607228050861352,0.8309541290526767,log1p_zscore
0,subnet_454__URLLC_eMBB_MIX,URLLC_eMBB_MIX,2024-06-26 16:00:00,2024-07-10 15:50:00,0.19978411543777874,1.106585416029844,log1p_zscore
0,subnet_454__eMBB,eMBB,2024-06-26 16:00:00,2024-07-10 15:50:00,0.024373618602350912,0.4892397037152015,log1p_zscore
0,subnet_454__mMTC,mMTC,2024-06-26 16:00:00,2024-07-10 15:50:00,0.4806493462138076,1.8317731085581088,log1p_zscore
0,subnet_477__URLLC,URLLC,2024-06-26 16:00:00,2024-07-10 15:50:00,2.76824834314873,5.373181704447182,log1p_zscore
0,subnet_477__URLLC_eMBB_MIX,URLLC_eMBB_MIX,2024-06-26 16:00:00,2024-07-10 15:50:00,3.204825053507383,6.245820990427326,log1p_zscore
0,subnet_477__eMBB,eMBB,2024-06-26 16:00:00,2024-07-10 15:50:00,8.166049722066342,7.377832628458766,log1p_zscore
0,subnet_477__mMTC,mMTC,2024-06-26 16:00:00,2024-07-10 15:50:00,0.011844998477486251,0.3069214277969597,log1p_zscore
0,subnet_4__URLLC,URLLC,2024-06-26 16:00:00,2024-07-10 15:50:00,0.1928893827671089,1.0223050348820177,log1p_zscore
0,subnet_4__URLLC_eMBB_MIX,URLLC_eMBB_MIX,2024-06-26 16:00:00,2024-07-10 15:50:00,0.3656819127310243,1.449732744151808,log1p_zscore
0,subnet_4__mMTC,mMTC,2024-06-26 16:00:00,2024-07-10 15:50:00,0.016074652362010874,0.29470876818150693,log1p_zscore
0,subnet_522__URLLC,URLLC,2024-06-26 16:00:00,2024-07-10 15:50:00,0.9701418875271156,2.1672571373009064,log1p_zscore
0,subnet_522__URLLC_eMBB_MIX,URLLC_eMBB_MIX,2024-06-26 16:00:00,2024-07-10 15:50:00,1.3763785791907406,2.7196587001308896,log1p_zscore
0,subnet_522__eMBB,eMBB,2024-06-26 16:00:00,2024-07-10 15:50:00,0.0,1.0,log1p_zscore
0,subnet_522__mMTC,mMTC,2024-06-26 16:00:00,2024-07-10 15:50:00,2.009490365947796,2.5740613058953237,log1p_zscore
0,subnet_65__URLLC,URLLC,2024-06-26 16:00:00,2024-07-10 15:50:00,0.10759512556782375,0.8265206744123367,log1p_zscore
0,subnet_65__URLLC_eMBB_MIX,URLLC_eMBB_MIX,2024-06-26 16:00:00,2024-07-10 15:50:00,0.015896373371970165,0.3199871128186865,log1p_zscore
0,subnet_65__eMBB,eMBB,2024-06-26 16:00:00,2024-07-10 15:50:00,0.053876528709731364,0.6703843654747161,log1p_zscore
0,subnet_65__mMTC,mMTC,2024-06-26 16:00:00,2024-07-10 15:50:00,3.6402088310471674,3.70567364605664,log1p_zscore
0,subnet_66__URLLC,URLLC,2024-06-26 16:00:00,2024-07-10 15:50:00,0.10938414651533016,0.8467902754138693,log1p_zscore
0,subnet_66__URLLC_eMBB_MIX,URLLC_eMBB_MIX,2024-06-26 16:00:00,2024-07-10 15:50:00,0.010244895106532667,0.26570502771542537,log1p_zscore
0,subnet_66__eMBB,eMBB,2024-06-26 16:00:00,2024-07-10 15:50:00,0.13512824184694966,1.0647640743746498,log1p_zscore
0,subnet_66__mMTC,mMTC,2024-06-26 16:00:00,2024-07-10 15:50:00,4.13765438890487,3.431475929142291,log1p_zscore
0,subnet_67__URLLC,URLLC,2024-06-26 16:00:00,2024-07-10 15:50:00,0.16179620379674883,1.0223783613001207,log1p_zscore
0,subnet_67__URLLC_eMBB_MIX,URLLC_eMBB_MIX,2024-06-26 16:00:00,2024-07-10 15:50:00,0.017126908366905166,0.31778443181060617,log1p_zscore
0,subnet_67__eMBB,eMBB,2024-06-26 16:00:00,2024-07-10 15:50:00,0.15981239052781854,1.1540232522544893,log1p_zscore
0,subnet_67__mMTC,mMTC,2024-06-26 16:00:00,2024-07-10 15:50:00,3.9801913819882087,3.4493686468256985,log1p_zscore
0,subnet_6__URLLC,URLLC,2024-06-26 16:00:00,2024-07-10 15:50:00,3.213767550890794,4.141983548530294,log1p_zscore
0,subnet_6__URLLC_eMBB_MIX,URLLC_eMBB_MIX,2024-06-26 16:00:00,2024-07-10 15:50:00,4.4857646882507165,4.07609468709951,log1p_zscore
0,subnet_6__eMBB,eMBB,2024-06-26 16:00:00,2024-07-10 15:50:00,9.449418996937737,6.534368924179122,log1p_zscore
0,subnet_6__mMTC,mMTC,2024-06-26 16:00:00,2024-07-10 15:50:00,7.154159812860927,3.2819777118960367,log1p_zscore
0,subnet_70__URLLC,URLLC,2024-06-26 16:00:00,2024-07-10 15:50:00,2.8712255137736475,3.0934704774788053,log1p_zscore
0,subnet_70__URLLC_eMBB_MIX,URLLC_eMBB_MIX,2024-06-26 16:00:00,2024-07-10 15:50:00,1.6305310513443672,2.7609629692008792,log1p_zscore
0,subnet_70__eMBB,eMBB,2024-06-26 16:00:00,2024-07-10 15:50:00,0.5377525117815479,2.1903117162823746,log1p_zscore
0,subnet_70__mMTC,mMTC,2024-06-26 16:00:00,2024-07-10 15:50:00,5.354344683279141,2.5340778322070885,log1p_zscore
0,subnet_7__URLLC,URLLC,2024-06-26 16:00:00,2024-07-10 15:50:00,0.298355500900717,1.2131081352446562,log1p_zscore
0,subnet_7__URLLC_eMBB_MIX,URLLC_eMBB_MIX,2024-06-26 16:00:00,2024-07-10 15:50:00,0.3086410072324015,1.3148603087581483,log1p_zscore
0,subnet_7__mMTC,mMTC,2024-06-26 16:00:00,2024-07-10 15:50:00,0.02148095428552291,0.34083789512435386,log1p_zscore
0,subnet_85__URLLC,URLLC,2024-06-26 16:00:00,2024-07-10 15:50:00,0.0,1.0,log1p_zscore
0,subnet_85__URLLC_eMBB_MIX,URLLC_eMBB_MIX,2024-06-26 16:00:00,2024-07-10 15:50:00,0.0,1.0,log1p_zscore
0,subnet_85__eMBB,eMBB,2024-06-26 16:00:00,2024-07-10 15:50:00,0.0,1.0,log1p_zscore
0,subnet_85__mMTC,mMTC,2024-06-26 16:00:00,2024-07-10 15:50:00,0.0,1.0,log1p_zscore
0,subnet_87__URLLC,URLLC,2024-06-26 16:00:00,2024-07-10 15:50:00,0.9078140135817064,2.1119045974617867,log1p_zscore
0,subnet_87__URLLC_eMBB_MIX,URLLC_eMBB_MIX,2024-06-26 16:00:00,2024-07-10 15:50:00,0.44676544735616996,1.5704616785595065,log1p_zscore
0,subnet_87__eMBB,eMBB,2024-06-26 16:00:00,2024-07-10 15:50:00,0.919911094978278,2.8395961767235995,log1p_zscore
0,subnet_87__mMTC,mMTC,2024-06-26 16:00:00,2024-07-10 15:50:00,3.6023036920914735,3.570422328216418,log1p_zscore
1,subnet_0__URLLC,URLLC,2024-06-27 16:00:00,2024-07-11 15:50:00,1.538001331399479,3.1871327912526635,log1p_zscore
1,subnet_0__URLLC_eMBB_MIX,URLLC_eMBB_MIX,2024-06-27 16:00:00,2024-07-11 15:50:00,10.48895738926482,0.8549584486662917,log1p_zscore
1,subnet_0__eMBB,eMBB,2024-06-27 16:00:00,2024-07-11 15:50:00,5.84339244568326,5.3184930225530875,log1p_zscore
1,subnet_0__mMTC,mMTC,2024-06-27 16:00:00,2024-07-11 15:50:00,2.0799768533836502,3.350191545514603,log1p_zscore
1,subnet_106__URLLC,URLLC,2024-06-27 16:00:00,2024-07-11 15:50:00,0.3124728766842549,1.2643638354208186,log1p_zscore
1,subnet_106__URLLC_eMBB_MIX,URLLC_eMBB_MIX,2024-06-27 16:00:00,2024-07-11 15:50:00,0.2866526861766621,1.2227465041599175,log1p_zscore
1,subnet_106__eMBB,eMBB,2024-06-27 16:00:00,2024-07-11 15:50:00,0.010203323118558925,0.32404817267263547,log1p_zscore
1,subnet_106__mMTC,mMTC,2024-06-27 16:00:00,2024-07-11 15:50:00,0.09070171240357006,0.7694501804900367,log1p_zscore
1,subnet_107__URLLC,URLLC,2024-06-27 16:00:00,2024-07-11 15:50:00,2.3238968101963287,2.959674843775535,log1p_zscore
1,subnet_107__URLLC_eMBB_MIX,URLLC_eMBB_MIX,2024-06-27 16:00:00,2024-07-11 15:50:00,1.096544561735365,2.417429819301372,log1p_zscore
1,subnet_107__eMBB,eMBB,2024-06-27 16:00:00,2024-07-11 15:50:00,0.23352907662608147,1.4519112687736455,log1p_zscore
1,subnet_107__mMTC,mMTC,2024-06-27 16:00:00,2024-07-11 15:50:00,4.397532498105328,2.97759471855375,log1p_zscore
1,subnet_109__URLLC,URLLC,2024-06-27 16:00:00,2024-07-11 15:50:00,0.37305951008099797,2.0811549255204627,log1p_zscore
1,subnet_109__URLLC_eMBB_MIX,URLLC_eMBB_MIX,2024-06-27 16:00:00,2024-07-11 15:50:00,0.1865886663793609,1.5023173254631685,log1p_zscore
1,subnet_109__eMBB,eMBB,2024-06-27 16:00:00,2024-07-11 15:50:00,3.8902124306782935,5.903624566368985,log1p_zscore
1,subnet_109__mMTC,mMTC,2024-06-27 16:00:00,2024-07-11 15:50:00,0.21378686046965398,1.3019085697742088,log1p_zscore
1,subnet_10__URLLC,URLLC,2024-06-27 16:00:00,2024-07-11 15:50:00,1.0961906071693992,2.392973544719059,log1p_zscore
1,subnet_10__URLLC_eMBB_MIX,URLLC_eMBB_MIX,2024-06-27 16:00:00,2024-07-11 15:50:00,5.479846317995435,2.744550234625206,log1p_zscore
1,subnet_10__eMBB,eMBB,2024-06-27 16:00:00,2024-07-11 15:50:00,0.0,1.0,log1p_zscore
1,subnet_10__mMTC,mMTC,2024-06-27 16:00:00,2024-07-11 15:50:00,0.05672976464063819,0.5722795593061939,log1p_zscore
1,subnet_113__URLLC,URLLC,2024-06-27 16:00:00,2024-07-11 15:50:00,2.4178989669050024,2.76253317135363,log1p_zscore
1,subnet_113__URLLC_eMBB_MIX,URLLC_eMBB_MIX,2024-06-27 16:00:00,2024-07-11 15:50:00,1.988655865497245,2.7737899958877095,log1p_zscore
1,subnet_113__eMBB,eMBB,2024-06-27 16:00:00,2024-07-11 15:50:00,0.0,1.0,log1p_zscore
1,subnet_113__mMTC,mMTC,2024-06-27 16:00:00,2024-07-11 15:50:00,0.05844989323072287,0.5850957329906107,log1p_zscore
1,subnet_116__URLLC,URLLC,2024-06-27 16:00:00,2024-07-11 15:50:00,0.24452152819983228,1.1231907645929815,log1p_zscore
1,subnet_116__URLLC_eMBB_MIX,URLLC_eMBB_MIX,2024-06-27 16:00:00,2024-07-11 15:50:00,1.3835068716552232,3.480923110210949,log1p_zscore
1,subnet_116__eMBB,eMBB,2024-06-27 16:00:00,2024-07-11 15:50:00,0.0,1.0,log1p_zscore
1,subnet_116__mMTC,mMTC,2024-06-27 16:00:00,2024-07-11 15:50:00,0.02135173836411306,0.3386323799697198,log1p_zscore
1,subnet_117__URLLC,URLLC,2024-06-27 16:00:00,2024-07-11 15:50:00,0.964229794585463,2.202566023820353,log1p_zscore
1,subnet_117__URLLC_eMBB_MIX,URLLC_eMBB_MIX,2024-06-27 16:00:00,2024-07-11 15:50:00,0.31797496847869483,1.350628478808537,log1p_zscore
1,subnet_117__eMBB,eMBB,2024-06-27 16:00:00,2024-07-11 15:50:00,0.5854610761951077,2.4976973942087235,log1p_zscore
1,subnet_117__mMTC,mMTC,2024-06-27 16:00:00,2024-07-11 15:50:00,4.072551088672913,3.49041037258228,log1p_zscore
1,subnet_124__URLLC,URLLC,2024-06-27 16:00:00,2024-07-11 15:50:00,2.9183397593420795,6.54497103257259,log1p_zscore
1,subnet_124__URLLC_eMBB_MIX,URLLC_eMBB_MIX,2024-06-27 16:00:00,2024-07-11 15:50:00,3.9041432498590014,7.538858260394311,log1p_zscore
1,subnet_124__eMBB,eMBB,2024-06-27 16:00:00,2024-07-11 15:50:00,10.858646205710853,8.603756475591043,log1p_zscore
1,subnet_126__URLLC,URLLC,2024-06-27 16:00:00,2024-07-11 15:50:00,4.736215667475658,5.304956613608086,log1p_zscore
1,subnet_126__URLLC_eMBB_MIX,URLLC_eMBB_MIX,2024-06-27 16:00:00,2024-07-11 15:50:00,5.651225021234627,6.4314392572794095,log1p_zscore
1,subnet_126__eMBB,eMBB,2024-06-27 16:00:00,2024-07-11 15:50:00,11.092683562716573,5.143214556132514,log1p_zscore
1,subnet_126__mMTC,mMTC,2024-06-27 16:00:00,2024-07-11 15:50:00,7.728877700218473,2.7441008189974516,log1p_zscore
1,subnet_136__URLLC,URLLC,2024-06-27 16:00:00,2024-07-11 15:50:00,0.3246423450547727,1.7432253259442598,log1p_zscore
1,subnet_136__URLLC_eMBB_MIX,URLLC_eMBB_MIX,2024-06-27 16:00:00,2024-07-11 15:50:00,0.6447736342398313,2.6362643676650563,log1p_zscore
1,subnet_136__eMBB,eMBB,2024-06-27 16:00:00,2024-07-11 15:50:00,4.1458202075291215,5.791026980997112,log1p_zscore
1,subnet_136__mMTC,mMTC,2024-06-27 16:00:00,2024-07-11 15:50:00,2.0494675778817917,3.5219423351811696,log1p_zscore
1,subnet_13__URLLC,URLLC,2024-06-27 16:00:00,2024-07-11 15:50:00,0.005004202493427364,0.15958160140098157,log1p_zscore
1,subnet_13__URLLC_eMBB_MIX,URLLC_eMBB_MIX,2024-06-27 16:00:00,2024-07-11 15:50:00,0.0,1.0,log1p_zscore
1,subnet_13__eMBB,eMBB,2024-06-27 16:00:00,2024-07-11 15:50:00,0.012972543968110069,0.4138321527507758,log1p_zscore
1,subnet_13__mMTC,mMTC,2024-06-27 16:00:00,2024-07-11 15:50:00,0.07319454090206759,0.7026794981966904,log1p_zscore
1,subnet_146__URLLC,URLLC,2024-06-27 16:00:00,2024-07-11 15:50:00,0.6287972434380411,1.769968642344639,log1p_zscore
1,subnet_146__URLLC_eMBB_MIX,URLLC_eMBB_MIX,2024-06-27 16:00:00,2024-07-11 15:50:00,0.22170097134968894,1.1707710911481661,log1p_zscore
1,subnet_146__eMBB,eMBB,2024-06-27 16:00:00,2024-07-11 15:50:00,0.0,1.0,log1p_zscore
1,subnet_146__mMTC,mMTC,2024-06-27 16:00:00,2024-07-11 15:50:00,3.3208004462043483,2.5970387406030087,log1p_zscore
1,subnet_147__URLLC,URLLC,2024-06-27 16:00:00,2024-07-11 15:50:00,3.0894788093439667,4.597013098126324,log1p_zscore
1,subnet_147__URLLC_eMBB_MIX,URLLC_eMBB_MIX,2024-06-27 16:00:00,2024-07-11 15:50:00,1.832363276571927,3.9230321130936536,log1p_zscore
1,subnet_147__eMBB,eMBB,2024-06-27 16:00:00,2024-07-11 15:50:00,5.521343377155153,5.630074000795669,log1p_zscore
1,subnet_147__mMTC,mMTC,2024-06-27 16:00:00,2024-07-11 15:50:00,0.049720350066464115,0.6447203353103547,log1p_zscore
1,subnet_148__URLLC,URLLC,2024-06-27 16:00:00,2024-07-11 15:50:00,0.0169154132137851,0.3098856214104086,log1p_zscore
1,subnet_148__URLLC_eMBB_MIX,URLLC_eMBB_MIX,2024-06-27 16:00:00,2024-07-11 15:50:00,0.015656386059416456,0.28662822580551867,log1p_zscore
1,subnet_148__eMBB,eMBB,2024-06-27 16:00:00,2024-07-11 15:50:00,3.8933413923931415,5.2359212853984385,log1p_zscore
1,subnet_148__mMTC,mMTC,2024-06-27 16:00:00,2024-07-11 15:50:00,0.5437832769046259,2.170798772768343,log1p_zscore
1,subnet_14__URLLC,URLLC,2024-06-27 16:00:00,2024-07-11 15:50:00,0.049334353507499845,0.5073597612633794,log1p_zscore
1,subnet_14__URLLC_eMBB_MIX,URLLC_eMBB_MIX,2024-06-27 16:00:00,2024-07-11 15:50:00,0.0028942513576699427,0.12991932961099065,log1p_zscore
1,subnet_14__eMBB,eMBB,2024-06-27 16:00:00,2024-07-11 15:50:00,0.8246947667826676,2.7276159016808594,log1p_zscore
1,subnet_14__mMTC,mMTC,2024-06-27 16:00:00,2024-07-11 15:50:00,6.734528955723214,3.4328636611179966,log1p_zscore
1,subnet_158__URLLC,URLLC,2024-06-27 16:00:00,2024-07-11 15:50:00,0.44450193858276504,1.7830832188821106,log1p_zscore
1,subnet_158__URLLC_eMBB_MIX,URLLC_eMBB_MIX,2024-06-27 16:00:00,2024-07-11 15:50:00,0.33891690116465123,1.5907179915227225,log1p_zscore
1,subnet_158__eMBB,eMBB,2024-06-27 16:00:00,2024-07-11 15:50:00,3.034151034491599,4.899836718463691,log1p_zscore
1,subnet_158__mMTC,mMTC,2024-06-27 16:00:00,2024-07-11 15:50:00,3.9299490281663014,4.374959743026977,log1p_zscore
1,subnet_163__URLLC,URLLC,2024-06-27 16:00:00,2024-07-11 15:50:00,0.0,1.0,log1p_zscore
1,subnet_163__URLLC_eMBB_MIX,URLLC_eMBB_MIX,2024-06-27 16:00:00,2024-07-11 15:50:00,10.33451128883362,0.22562024357156385,log1p_zscore
1,subnet_163__eMBB,eMBB,2024-06-27 16:00:00,2024-07-11 15:50:00,0.0,1.0,log1p_zscore
1,subnet_163__mMTC,mMTC,2024-06-27 16:00:00,2024-07-11 15:50:00,0.0,1.0,log1p_zscore
1,subnet_164__URLLC,URLLC,2024-06-27 16:00:00,2024-07-11 15:50:00,0.15246115876473348,0.8750912873941009,log1p_zscore
1,subnet_164__URLLC_eMBB_MIX,URLLC_eMBB_MIX,2024-06-27 16:00:00,2024-07-11 15:50:00,0.14933733998148344,0.8987771791126034,log1p_zscore
1,subnet_164__eMBB,eMBB,2024-06-27 16:00:00,2024-07-11 15:50:00,0.0,1.0,log1p_zscore
1,subnet_164__mMTC,mMTC,2024-06-27 16:00:00,2024-07-11 15:50:00,0.01630001115340482,0.2985951774978459,log1p_zscore
1,subnet_171__URLLC,URLLC,2024-06-27 16:00:00,2024-07-11 15:50:00,0.4239212309975678,2.6909753189566374,log1p_zscore
1,subnet_171__URLLC_eMBB_MIX,URLLC_eMBB_MIX,2024-06-27 16:00:00,2024-07-11 15:50:00,0.539184649250313,3.08433032970923,log1p_zscore
1,subnet_171__eMBB,eMBB,2024-06-27 16:00:00,2024-07-11 15:50:00,16.42174847431024,4.0630718476295025,log1p_zscore
1,subnet_178__URLLC,URLLC,2024-06-27 16:00:00,2024-07-11 15:50:00,0.008394869238178186,0.21785850178472954,log1p_zscore
1,subnet_178__URLLC_eMBB_MIX,URLLC_eMBB_MIX,2024-06-27 16:00:00,2024-07-11 15:50:00,0.0031804654105703854,0.14276712107164877,log1p_zscore
1,subnet_178__eMBB,eMBB,2024-06-27 16:00:00,2024-07-11 15:50:00,0.0,1.0,log1p_zscore
1,subnet_178__mMTC,mMTC,2024-06-27 16:00:00,2024-07-11 15:50:00,0.1478741713553805,0.9241752257474629,log1p_zscore
1,subnet_179__URLLC,URLLC,2024-06-27 16:00:00,2024-07-11 15:50:00,0.04112187690485508,0.4764732293042221,log1p_zscore
1,subnet_179__URLLC_eMBB_MIX,URLLC_eMBB_MIX,2024-06-27 16:00:00,2024-07-11 15:50:00,0.003300031264560192,0.148134282964328,log1p_zscore
1,subnet_179__eMBB,eMBB,2024-06-27 16:00:00,2024-07-11 15:50:00,0.0,1.0,log1p_zscore
1,subnet_179__mMTC,mMTC,2024-06-27 16:00:00,2024-07-11 15:50:00,0.344005286185106,1.2608782029944412,log1p_zscore
1,subnet_17__URLLC,URLLC,2024-06-27 16:00:00,2024-07-11 15:50:00,9.207171947880596,3.202846420195552,log1p_zscore
1,subnet_17__URLLC_eMBB_MIX,URLLC_eMBB_MIX,2024-06-27 16:00:00,2024-07-11 15:50:00,15.39333001245433,0.7529215207279311,log1p_zscore
1,subnet_17__eMBB,eMBB,2024-06-27 16:00:00,2024-07-11 15:50:00,12.205621947335773,3.8185930518303106,log1p_zscore
1,subnet_17__mMTC,mMTC,2024-06-27 16:00:00,2024-07-11 15:50:00,8.025929922320325,2.43965194968904,log1p_zscore
1,subnet_181__URLLC,URLLC,2024-06-27 16:00:00,2024-07-11 15:50:00,0.0,1.0,log1p_zscore
1,subnet_181__URLLC_eMBB_MIX,URLLC_eMBB_MIX,2024-06-27 16:00:00,2024-07-11 15:50:00,0.0,1.0,log1p_zscore
1,subnet_181__eMBB,eMBB,2024-06-27 16:00:00,2024-07-11 15:50:00,0.0,1.0,log1p_zscore
1,subnet_181__mMTC,mMTC,2024-06-27 16:00:00,2024-07-11 15:50:00,0.0025445926165293025,0.1142235853138585,log1p_zscore
1,subnet_200__URLLC,URLLC,2024-06-27 16:00:00,2024-07-11 15:50:00,7.882024451858839,2.4823573749594243,log1p_zscore
1,subnet_200__URLLC_eMBB_MIX,URLLC_eMBB_MIX,2024-06-27 16:00:00,2024-07-11 15:50:00,10.480530542842553,2.2110775498135986,log1p_zscore
1,subnet_200__eMBB,eMBB,2024-06-27 16:00:00,2024-07-11 15:50:00,13.424840389659591,1.846062632475996,log1p_zscore
1,subnet_200__mMTC,mMTC,2024-06-27 16:00:00,2024-07-11 15:50:00,8.589169333094853,1.2671793300215386,log1p_zscore
1,subnet_202__URLLC,URLLC,2024-06-27 16:00:00,2024-07-11 15:50:00,7.4320993172091185,3.1325556023974226,log1p_zscore
1,subnet_202__URLLC_eMBB_MIX,URLLC_eMBB_MIX,2024-06-27 16:00:00,2024-07-11 15:50:00,11.469505546154343,1.072358309505186,log1p_zscore
1,subnet_202__eMBB,eMBB,2024-06-27 16:00:00,2024-07-11 15:50:00,13.506364847606223,1.2943265008913571,log1p_zscore
1,subnet_202__mMTC,mMTC,2024-06-27 16:00:00,2024-07-11 15:50:00,8.95208940828667,1.1166987377598872,log1p_zscore
1,subnet_206__URLLC,URLLC,2024-06-27 16:00:00,2024-07-11 15:50:00,0.0,1.0,log1p_zscore
1,subnet_206__URLLC_eMBB_MIX,URLLC_eMBB_MIX,2024-06-27 16:00:00,2024-07-11 15:50:00,0.0,1.0,log1p_zscore
1,subnet_206__eMBB,eMBB,2024-06-27 16:00:00,2024-07-11 15:50:00,0.0,1.0,log1p_zscore
1,subnet_206__mMTC,mMTC,2024-06-27 16:00:00,2024-07-11 15:50:00,0.0,1.0,log1p_zscore
1,subnet_211__URLLC,URLLC,2024-06-27 16:00:00,2024-07-11 15:50:00,0.011645634190505136,0.2625916998764077,log1p_zscore
1,subnet_211__URLLC_eMBB_MIX,URLLC_eMBB_MIX,2024-06-27 16:00:00,2024-07-11 15:50:00,0.002511207853684011,0.11272498499478537,log1p_zscore
1,subnet_211__eMBB,eMBB,2024-06-27 16:00:00,2024-07-11 15:50:00,11.752100680082842,3.51267711191402,log1p_zscore
1,subnet_211__mMTC,mMTC,2024-06-27 16:00:00,2024-07-11 15:50:00,0.936105123041685,2.6917493576716396,log1p_zscore
1,subnet_235__URLLC,URLLC,2024-06-27 16:00:00,2024-07-11 15:50:00,2.33705681987175,3.2963486673922344,log1p_zscore
1,subnet_235__URLLC_eMBB_MIX,URLLC_eMBB_MIX,2024-06-27 16:00:00,2024-07-11 15:50:00,2.5903190310471693,3.2866077438124295,log1p_zscore
1,subnet_235__eMBB,eMBB,2024-06-27 16:00:00,2024-07-11 15:50:00,6.553203503519509,5.943375457672878,log1p_zscore
1,subnet_235__mMTC,mMTC,2024-06-27 16:00:00,2024-07-11 15:50:00,7.651043122621302,1.4031726939222284,log1p_zscore
1,subnet_236__URLLC,URLLC,2024-06-27 16:00:00,2024-07-11 15:50:00,5.702477700688173,4.530441272325918,log1p_zscore
1,subnet_236__URLLC_eMBB_MIX,URLLC_eMBB_MIX,2024-06-27 16:00:00,2024-07-11 15:50:00,7.4170928460770185,4.839301492879907,log1p_zscore
1,subnet_236__eMBB,eMBB,2024-06-27 16:00:00,2024-07-11 15:50:00,11.737040179993084,4.551406465199195,log1p_zscore
1,subnet_236__mMTC,mMTC,2024-06-27 16:00:00,2024-07-11 15:50:00,7.74776982980125,2.591778440893654,log1p_zscore
1,subnet_238__URLLC,URLLC,2024-06-27 16:00:00,2024-07-11 15:50:00,3.1292150276910373,3.7125123858056575,log1p_zscore
1,subnet_238__URLLC_eMBB_MIX,URLLC_eMBB_MIX,2024-06-27 16:00:00,2024-07-11 15:50:00,1.9175530978016182,4.070437222731008,log1p_zscore
1,subnet_238__eMBB,eMBB,2024-06-27 16:00:00,2024-07-11 15:50:00,5.388834583293514,5.931411026683263,log1p_zscore
1,subnet_238__mMTC,mMTC,2024-06-27 16:00:00,2024-07-11 15:50:00,8.074142297733378,1.213882885600823,log1p_zscore
1,subnet_241__URLLC,URLLC,2024-06-27 16:00:00,2024-07-11 15:50:00,5.576686611673154,3.5788442836968604,log1p_zscore
1,subnet_241__URLLC_eMBB_MIX,URLLC_eMBB_MIX,2024-06-27 16:00:00,2024-07-11 15:50:00,8.481042072778123,2.1822881476017937,log1p_zscore
1,subnet_241__eMBB,eMBB,2024-06-27 16:00:00,2024-07-11 15:50:00,12.617694741188076,1.941451244457279,log1p_zscore
1,subnet_241__mMTC,mMTC,2024-06-27 16:00:00,2024-07-11 15:50:00,7.159406907585442,2.130817352438388,log1p_zscore
1,subnet_242__URLLC,URLLC,2024-06-27 16:00:00,2024-07-11 15:50:00,5.153567845078259,3.16704518661336,log1p_zscore
1,subnet_242__URLLC_eMBB_MIX,URLLC_eMBB_MIX,2024-06-27 16:00:00,2024-07-11 15:50:00,6.080067256050653,3.6716294769379028,log1p_zscore
1,subnet_242__eMBB,eMBB,2024-06-27 16:00:00,2024-07-11 15:50:00,6.480883604992278,5.570258009464158,log1p_zscore
1,subnet_242__mMTC,mMTC,2024-06-27 16:00:00,2024-07-11 15:50:00,7.447224449106964,2.5089064356744983,log1p_zscore
1,subnet_244__URLLC,URLLC,2024-06-27 16:00:00,2024-07-11 15:50:00,0.0037020650027381054,0.16618107548172883,log1p_zscore
1,subnet_244__URLLC_eMBB_MIX,URLLC_eMBB_MIX,2024-06-27 16:00:00,2024-07-11 15:50:00,0.0,1.0,log1p_zscore
1,subnet_244__eMBB,eMBB,2024-06-27 16:00:00,2024-07-11 15:50:00,0.01725537712742055,0.4528537023640349,log1p_zscore
1,subnet_244__mMTC,mMTC,2024-06-27 16:00:00,2024-07-11 15:50:00,0.5521989301822715,1.973648710037298,log1p_zscore
1,subnet_249__eMBB,eMBB,2024-06-27 16:00:00,2024-07-11 15:50:00,20.480884377929684,1.3810298399194294,log1p_zscore
1,subnet_250__URLLC,URLLC,2024-06-27 16:00:00,2024-07-11 15:50:00,1.4401317440925714,3.4566463187463654,log1p_zscore
1,subnet_250__URLLC_eMBB_MIX,URLLC_eMBB_MIX,2024-06-27 16:00:00,2024-07-11 15:50:00,1.2638129526641992,3.722375511113942,log1p_zscore
1,subnet_250__eMBB,eMBB,2024-06-27 16:00:00,2024-07-11 15:50:00,9.952630107905321,4.4595118971412555,log1p_zscore
1,subnet_250__mMTC,mMTC,2024-06-27 16:00:00,2024-07-11 15:50:00,8.626256625529821,1.9553229355755946,log1p_zscore
1,subnet_261__URLLC,URLLC,2024-06-27 16:00:00,2024-07-11 15:50:00,1.8964120503934032,2.7282820421723044,log1p_zscore
1,subnet_261__URLLC_eMBB_MIX,URLLC_eMBB_MIX,2024-06-27 16:00:00,2024-07-11 15:50:00,3.649282036034968,3.1637243050138992,log1p_zscore
1,subnet_261__eMBB,eMBB,2024-06-27 16:00:00,2024-07-11 15:50:00,0.04892034507610236,0.694080642236279,log1p_zscore
1,subnet_261__mMTC,mMTC,2024-06-27 16:00:00,2024-07-11 15:50:00,0.21716885375870576,1.1225155384999224,log1p_zscore
1,subnet_263__URLLC,URLLC,2024-06-27 16:00:00,2024-07-11 15:50:00,4.023629987763325,3.7536854588369954,log1p_zscore
1,subnet_263__URLLC_eMBB_MIX,URLLC_eMBB_MIX,2024-06-27 16:00:00,2024-07-11 15:50:00,14.539762159571902,2.6643587175971626,log1p_zscore
1,subnet_263__eMBB,eMBB,2024-06-27 16:00:00,2024-07-11 15:50:00,5.27796248935417,5.837817571429728,log1p_zscore
1,subnet_263__mMTC,mMTC,2024-06-27 16:00:00,2024-07-11 15:50:00,4.215746772828645,3.811864471931536,log1p_zscore
1,subnet_271__URLLC,URLLC,2024-06-27 16:00:00,2024-07-11 15:50:00,0.0867406941677912,0.7878242412743328,log1p_zscore
1,subnet_271__URLLC_eMBB_MIX,URLLC_eMBB_MIX,2024-06-27 16:00:00,2024-07-11 15:50:00,0.02452204122997914,0.3962609864373993,log1p_zscore
1,subnet_271__eMBB,eMBB,2024-06-27 16:00:00,2024-07-11 15:50:00,3.414496299039394,4.827677077171881,log1p_zscore
1,subnet_271__mMTC,mMTC,2024-06-27 16:00:00,2024-07-11 15:50:00,3.39244891744274,4.010469995609395,log1p_zscore
1,subnet_272__URLLC,URLLC,2024-06-27 16:00:00,2024-07-11 15:50:00,0.056652042965942416,0.807887712713436,log1p_zscore
1,subnet_272__URLLC_eMBB_MIX,URLLC_eMBB_MIX,2024-06-27 16:00:00,2024-07-11 15:50:00,0.04651652842523998,0.7525240561466974,log1p_zscore
1,subnet_272__eMBB,eMBB,2024-06-27 16:00:00,2024-07-11 15:50:00,0.42140428425483606,2.26855895108702,log1p_zscore
1,subnet_272__mMTC,mMTC,2024-06-27 16:00:00,2024-07-11 15:50:00,0.011663583507581392,0.2711311329574191,log1p_zscore
1,subnet_273__URLLC,URLLC,2024-06-27 16:00:00,2024-07-11 15:50:00,0.025465018371939173,0.384432113478588,log1p_zscore
1,subnet_273__URLLC_eMBB_MIX,URLLC_eMBB_MIX,2024-06-27 16:00:00,2024-07-11 15:50:00,0.013547861916147515,0.273566445089401,log1p_zscore
1,subnet_273__eMBB,eMBB,2024-06-27 16:00:00,2024-07-11 15:50:00,0.6474401992476747,2.7280719974506624,log1p_zscore
1,subnet_273__mMTC,mMTC,2024-06-27 16:00:00,2024-07-11 15:50:00,0.16384624701215356,1.157724630397014,log1p_zscore
1,subnet_278__URLLC,URLLC,2024-06-27 16:00:00,2024-07-11 15:50:00,0.27325195095036986,1.4532688476033309,log1p_zscore
1,subnet_278__URLLC_eMBB_MIX,URLLC_eMBB_MIX,2024-06-27 16:00:00,2024-07-11 15:50:00,0.0,1.0,log1p_zscore
1,subnet_278__eMBB,eMBB,2024-06-27 16:00:00,2024-07-11 15:50:00,6.325564929803739,4.4127091094931625,log1p_zscore
1,subnet_278__mMTC,mMTC,2024-06-27 16:00:00,2024-07-11 15:50:00,1.9777794887155244,3.387150176742941,log1p_zscore
1,subnet_281__URLLC,URLLC,2024-06-27 16:00:00,2024-07-11 15:50:00,0.3301491918503138,1.4351009900145055,log1p_zscore
1,subnet_281__URLLC_eMBB_MIX,URLLC_eMBB_MIX,2024-06-27 16:00:00,2024-07-11 15:50:00,6.864156892653924,1.779730200093705,log1p_zscore
1,subnet_281__eMBB,eMBB,2024-06-27 16:00:00,2024-07-11 15:50:00,0.0,1.0,log1p_zscore
1,subnet_281__mMTC,mMTC,2024-06-27 16:00:00,2024-07-11 15:50:00,0.008107895257996173,0.21011949031929555,log1p_zscore
1,subnet_302__URLLC,URLLC,2024-06-27 16:00:00,2024-07-11 15:50:00,0.022858289029635707,0.4326358134373397,log1p_zscore
1,subnet_302__URLLC_eMBB_MIX,URLLC_eMBB_MIX,2024-06-27 16:00:00,2024-07-11 15:50:00,0.04915596000423421,0.740059561964902,log1p_zscore
1,subnet_302__eMBB,eMBB,2024-06-27 16:00:00,2024-07-11 15:50:00,0.1818207361985786,1.4503950631936209,log1p_zscore
1,subnet_302__mMTC,mMTC,2024-06-27 16:00:00,2024-07-11 15:50:00,0.15897280426858182,1.1004355131464005,log1p_zscore
1,subnet_310__URLLC,URLLC,2024-06-27 16:00:00,2024-07-11 15:50:00,0.7230717979333361,1.9250341798971073,log1p_zscore
1,subnet_310__URLLC_eMBB_MIX,URLLC_eMBB_MIX,2024-06-27 16:00:00,2024-07-11 15:50:00,0.4301250744368364,1.5958025219316037,log1p_zscore
1,subnet_310__eMBB,eMBB,2024-06-27 16:00:00,2024-07-11 15:50:00,1.4522494929729721,3.4907583422501247,log1p_zscore
1,subnet_310__mMTC,mMTC,2024-06-27 16:00:00,2024-07-11 15:50:00,3.3518784707612763,3.5091505290693816,log1p_zscore
1,subnet_316__URLLC,URLLC,2024-06-27 16:00:00,2024-07-11 15:50:00,0.25828231158149895,1.695235886372518,log1p_zscore
1,subnet_316__URLLC_eMBB_MIX,URLLC_eMBB_MIX,2024-06-27 16:00:00,2024-07-11 15:50:00,0.20993320575399196,1.5072224048105436,log1p_zscore
1,subnet_316__eMBB,eMBB,2024-06-27 16:00:00,2024-07-11 15:50:00,2.845020625193566,4.948994208166819,log1p_zscore
1,subnet_316__mMTC,mMTC,2024-06-27 16:00:00,2024-07-11 15:50:00,3.7748267929790087,4.358700976615983,log1p_zscore
1,subnet_322__URLLC,URLLC,2024-06-27 16:00:00,2024-07-11 15:50:00,0.3275911848151792,1.3019467806153293,log1p_zscore
1,subnet_322__URLLC_eMBB_MIX,URLLC_eMBB_MIX,2024-06-27 16:00:00,2024-07-11 15:50:00,0.07579502373566104,0.6802847072859232,log1p_zscore
1,subnet_322__eMBB,eMBB,2024-06-27 16:00:00,2024-07-11 15:50:00,0.0,1.0,log1p_zscore
1,subnet_322__mMTC,mMTC,2024-06-27 16:00:00,2024-07-11 15:50:00,3.243969048017232,2.5655375067952026,log1p_zscore
1,subnet_324__URLLC,URLLC,2024-06-27 16:00:00,2024-07-11 15:50:00,0.30510404261806184,1.9210101614038784,log1p_zscore
1,subnet_324__URLLC_eMBB_MIX,URLLC_eMBB_MIX,2024-06-27 16:00:00,2024-07-11 15:50:00,0.01872371373138698,0.4511633171428289,log1p_zscore
1,subnet_324__eMBB,eMBB,2024-06-27 16:00:00,2024-07-11 15:50:00,12.428696753565314,2.317528277410915,log1p_zscore
1,subnet_324__mMTC,mMTC,2024-06-27 16:00:00,2024-07-11 15:50:00,0.009084932986869477,0.28976691402839044,log1p_zscore
1,subnet_32__URLLC,URLLC,2024-06-27 16:00:00,2024-07-11 15:50:00,0.4157281169836762,1.4870575459364999,log1p_zscore
1,subnet_32__URLLC_eMBB_MIX,URLLC_eMBB_MIX,2024-06-27 16:00:00,2024-07-11 15:50:00,0.13350577651251794,0.8921857042081147,log1p_zscore
1,subnet_32__eMBB,eMBB,2024-06-27 16:00:00,2024-07-11 15:50:00,6.1698461471512305,5.932458151878681,log1p_zscore
1,subnet_32__mMTC,mMTC,2024-06-27 16:00:00,2024-07-11 15:50:00,2.200228093899938,3.340202094230177,log1p_zscore
1,subnet_330__URLLC,URLLC,2024-06-27 16:00:00,2024-07-11 15:50:00,0.02560063411511622,0.5742478500535378,log1p_zscore
1,subnet_330__URLLC_eMBB_MIX,URLLC_eMBB_MIX,2024-06-27 16:00:00,2024-07-11 15:50:00,0.015622495177882749,0.4960276520545313,log1p_zscore
1,subnet_330__eMBB,eMBB,2024-06-27 16:00:00,2024-07-11 15:50:00,12.881076265940154,1.2191085553133485,log1p_zscore
1,subnet_330__mMTC,mMTC,2024-06-27 16:00:00,2024-07-11 15:50:00,0.0,1.0,log1p_zscore
1,subnet_332__URLLC,URLLC,2024-06-27 16:00:00,2024-07-11 15:50:00,1.3180336909041164,3.6257206458531743,log1p_zscore
1,subnet_332__URLLC_eMBB_MIX,URLLC_eMBB_MIX,2024-06-27 16:00:00,2024-07-11 15:50:00,0.35386481178637713,2.2936858976658145,log1p_zscore
1,subnet_332__eMBB,eMBB,2024-06-27 16:00:00,2024-07-11 15:50:00,10.85186249631284,4.760490739386092,log1p_zscore
1,subnet_332__mMTC,mMTC,2024-06-27 16:00:00,2024-07-11 15:50:00,0.0,1.0,log1p_zscore
1,subnet_336__URLLC,URLLC,2024-06-27 16:00:00,2024-07-11 15:50:00,0.0265360904837832,0.4213548500533193,log1p_zscore
1,subnet_336__URLLC_eMBB_MIX,URLLC_eMBB_MIX,2024-06-27 16:00:00,2024-07-11 15:50:00,0.0,1.0,log1p_zscore
1,subnet_336__eMBB,eMBB,2024-06-27 16:00:00,2024-07-11 15:50:00,0.004232378876462001,0.18998620310999517,log1p_zscore
1,subnet_336__mMTC,mMTC,2024-06-27 16:00:00,2024-07-11 15:50:00,0.5366852052179665,1.740421810758936,log1p_zscore
1,subnet_337__URLLC,URLLC,2024-06-27 16:00:00,2024-07-11 15:50:00,0.0,1.0,log1p_zscore
1,subnet_337__URLLC_eMBB_MIX,URLLC_eMBB_MIX,2024-06-27 16:00:00,2024-07-11 15:50:00,0.0,1.0,log1p_zscore
1,subnet_337__eMBB,eMBB,2024-06-27 16:00:00,2024-07-11 15:50:00,0.0,1.0,log1p_zscore
1,subnet_337__mMTC,mMTC,2024-06-27 16:00:00,2024-07-11 15:50:00,0.013140036693149277,0.3408507547578648,log1p_zscore
1,subnet_342__URLLC,URLLC,2024-06-27 16:00:00,2024-07-11 15:50:00,0.017091043476245595,0.3155300206659619,log1p_zscore
1,subnet_342__URLLC_eMBB_MIX,URLLC_eMBB_MIX,2024-06-27 16:00:00,2024-07-11 15:50:00,0.0,1.0,log1p_zscore
1,subnet_342__eMBB,eMBB,2024-06-27 16:00:00,2024-07-11 15:50:00,2.378367748080412,4.534981827181116,log1p_zscore
1,subnet_342__mMTC,mMTC,2024-06-27 16:00:00,2024-07-11 15:50:00,3.518499972944041,4.493832744073723,log1p_zscore
1,subnet_356__URLLC,URLLC,2024-06-27 16:00:00,2024-07-11 15:50:00,1.4513864161893708,3.9858087102867334,log1p_zscore
1,subnet_356__URLLC_eMBB_MIX,URLLC_eMBB_MIX,2024-06-27 16:00:00,2024-07-11 15:50:00,1.2517450081892532,4.201953655768584,log1p_zscore
1,subnet_356__eMBB,eMBB,2024-06-27 16:00:00,2024-07-11 15:50:00,8.26226996087364,5.783131307755272,log1p_zscore
1,subnet_356__mMTC,mMTC,2024-06-27 16:00:00,2024-07-11 15:50:00,0.5837592883844419,2.1558641957607096,log1p_zscore
1,subnet_36__URLLC,URLLC,2024-06-27 16:00:00,2024-07-11 15:50:00,0.018742859738030273,0.31794359039540454,log1p_zscore
1,subnet_36__URLLC_eMBB_MIX,URLLC_eMBB_MIX,2024-06-27 16:00:00,2024-07-11 15:50:00,0.0,1.0,log1p_zscore
1,subnet_36__eMBB,eMBB,2024-06-27 16:00:00,2024-07-11 15:50:00,0.006894630919187471,0.30949137315329006,log1p_zscore
1,subnet_36__mMTC,mMTC,2024-06-27 16:00:00,2024-07-11 15:50:00,0.22452581318084805,1.2334344363783878,log1p_zscore
1,subnet_373__URLLC,URLLC,2024-06-27 16:00:00,2024-07-11 15:50:00,0.03320789037347078,0.7455338345754405,log1p_zscore
1,subnet_373__URLLC_eMBB_MIX,URLLC_eMBB_MIX,2024-06-27 16:00:00,2024-07-11 15:50:00,0.14218295596971914,1.5915453383888962,log1p_zscore
1,subnet_373__eMBB,eMBB,2024-06-27 16:00:00,2024-07-11 15:50:00,13.417476208961457,2.352021622320127,log1p_zscore
1,subnet_373__mMTC,mMTC,2024-06-27 16:00:00,2024-07-11 15:50:00,0.0,1.0,log1p_zscore
1,subnet_38__URLLC,URLLC,2024-06-27 16:00:00,2024-07-11 15:50:00,0.549338448620557,1.7226065475794627,log1p_zscore
1,subnet_38__URLLC_eMBB_MIX,URLLC_eMBB_MIX,2024-06-27 16:00:00,2024-07-11 15:50:00,0.36605824945337667,1.446717527330913,log1p_zscore
1,subnet_38__eMBB,eMBB,2024-06-27 16:00:00,2024-07-11 15:50:00,0.6790582452929608,2.4978659615222187,log1p_zscore
1,subnet_38__mMTC,mMTC,2024-06-27 16:00:00,2024-07-11 15:50:00,2.528546671985587,3.810493870921139,log1p_zscore
1,subnet_415__URLLC,URLLC,2024-06-27 16:00:00,2024-07-11 15:50:00,0.9487817767976618,2.134160822922889,log1p_zscore
1,subnet_415__URLLC_eMBB_MIX,URLLC_eMBB_MIX,2024-06-27 16:00:00,2024-07-11 15:50:00,1.688533621918535,2.692257077316958,log1p_zscore
1,subnet_415__eMBB,eMBB,2024-06-27 16:00:00,2024-07-11 15:50:00,0.18717058376288465,1.3400483808005879,log1p_zscore
1,subnet_415__mMTC,mMTC,2024-06-27 16:00:00,2024-07-11 15:50:00,0.7053255355552374,2.255792610369171,log1p_zscore
1,subnet_418__URLLC,URLLC,2024-06-27 16:00:00,2024-07-11 15:50:00,0.3589667297335152,1.372397674127646,log1p_zscore
1,subnet_418__URLLC_eMBB_MIX,URLLC_eMBB_MIX,2024-06-27 16:00:00,2024-07-11 15:50:00,0.5914594458712715,1.8163349744776554,log1p_zscore
1,subnet_418__eMBB,eMBB,2024-06-27 16:00:00,2024-07-11 15:50:00,0.0,1.0,log1p_zscore
1,subnet_418__mMTC,mMTC,2024-06-27 16:00:00,2024-07-11 15:50:00,0.025598867565896882,0.3828027126069843,log1p_zscore
1,subnet_419__URLLC,URLLC,2024-06-27 16:00:00,2024-07-11 15:50:00,0.36586989606300313,1.4749215426630808,log1p_zscore
1,subnet_419__URLLC_eMBB_MIX,URLLC_eMBB_MIX,2024-06-27 16:00:00,2024-07-11 15:50:00,0.23328988033415168,1.1926769386320497,log1p_zscore
1,subnet_419__eMBB,eMBB,2024-06-27 16:00:00,2024-07-11 15:50:00,0.7970632389247911,2.7216997711246234,log1p_zscore
1,subnet_419__mMTC,mMTC,2024-06-27 16:00:00,2024-07-11 15:50:00,3.2218111826573597,3.926134110632444,log1p_zscore
1,subnet_438__URLLC,URLLC,2024-06-27 16:00:00,2024-07-11 15:50:00,0.2283786539722063,1.0933723255656678,log1p_zscore
1,subnet_438__URLLC_eMBB_MIX,URLLC_eMBB_MIX,2024-06-27 16:00:00,2024-07-11 15:50:00,0.039459561808876116,0.49422297352858446,log1p_zscore
1,subnet_438__eMBB,eMBB,2024-06-27 16:00:00,2024-07-11 15:50:00,0.0,1.0,log1p_zscore
1,subnet_438__mMTC,mMTC,2024-06-27 16:00:00,2024-07-11 15:50:00,2.6969522928973655,2.6019026478182212,log1p_zscore
1,subnet_449__URLLC,URLLC,2024-06-27 16:00:00,2024-07-11 15:50:00,0.0,1.0,log1p_zscore
1,subnet_449__URLLC_eMBB_MIX,URLLC_eMBB_MIX,2024-06-27 16:00:00,2024-07-11 15:50:00,0.0,1.0,log1p_zscore
1,subnet_449__mMTC,mMTC,2024-06-27 16:00:00,2024-07-11 15:50:00,0.010338031969021864,0.23228575231714071,log1p_zscore
1,subnet_454__URLLC,URLLC,2024-06-27 16:00:00,2024-07-11 15:50:00,0.13510544804141472,0.8624812456617712,log1p_zscore
1,subnet_454__URLLC_eMBB_MIX,URLLC_eMBB_MIX,2024-06-27 16:00:00,2024-07-11 15:50:00,0.20301414784335645,1.11546554404798,log1p_zscore
1,subnet_454__eMBB,eMBB,2024-06-27 16:00:00,2024-07-11 15:50:00,0.024373618602350912,0.48923970371520153,log1p_zscore
1,subnet_454__mMTC,mMTC,2024-06-27 16:00:00,2024-07-11 15:50:00,0.4607826163851529,1.7921805773891086,log1p_zscore
1,subnet_477__URLLC,URLLC,2024-06-27 16:00:00,2024-07-11 15:50:00,2.680748675567959,5.241336464256055,log1p_zscore
1,subnet_477__URLLC_eMBB_MIX,URLLC_eMBB_MIX,2024-06-27 16:00:00,2024-07-11 15:50:00,3.001489293775956,6.012764435550468,log1p_zscore
1,subnet_477__eMBB,eMBB,2024-06-27 16:00:00,2024-07-11 15:50:00,8.290301435570667,7.297337738505888,log1p_zscore
1,subnet_477__mMTC,mMTC,2024-06-27 16:00:00,2024-07-11 15:50:00,0.011844998477486251,0.3069214277969597,log1p_zscore
1,subnet_4__URLLC,URLLC,2024-06-27 16:00:00,2024-07-11 15:50:00,0.18511158713351133,1.0035326444914265,log1p_zscore
1,subnet_4__URLLC_eMBB_MIX,URLLC_eMBB_MIX,2024-06-27 16:00:00,2024-07-11 15:50:00,0.3304352870770708,1.3690948380849348,log1p_zscore
1,subnet_4__mMTC,mMTC,2024-06-27 16:00:00,2024-07-11 15:50:00,0.016074652362010874,0.29470876818150693,log1p_zscore
1,subnet_522__URLLC,URLLC,2024-06-27 16:00:00,2024-07-11 15:50:00,0.9623301308321099,2.157096231055611,log1p_zscore
1,subnet_522__URLLC_eMBB_MIX,URLLC_eMBB_MIX,2024-06-27 16:00:00,2024-07-11 15:50:00,1.2484743396037004,2.613360876435164,log1p_zscore
1,subnet_522__eMBB,eMBB,2024-06-27 16:00:00,2024-07-11 15:50:00,0.0,1.0,log1p_zscore
1,subnet_522__mMTC,mMTC,2024-06-27 16:00:00,2024-07-11 15:50:00,2.078359838815795,2.586349348195235,log1p_zscore
1,subnet_65__URLLC,URLLC,2024-06-27 16:00:00,2024-07-11 15:50:00,0.10533657390528042,0.8217324533175251,log1p_zscore
1,subnet_65__URLLC_eMBB_MIX,URLLC_eMBB_MIX,2024-06-27 16:00:00,2024-07-11 15:50:00,0.015896373371970165,0.3199871128186865,log1p_zscore
1,subnet_65__eMBB,eMBB,2024-06-27 16:00:00,2024-07-11 15:50:00,0.06660321939602686,0.7461457052959108,log1p_zscore
1,subnet_65__mMTC,mMTC,2024-06-27 16:00:00,2024-07-11 15:50:00,3.696076068167375,3.7082025096027484,log1p_zscore
1,subnet_66__URLLC,URLLC,2024-06-27 16:00:00,2024-07-11 15:50:00,0.10911138362992422,0.8443829861115727,log1p_zscore
1,subnet_66__URLLC_eMBB_MIX,URLLC_eMBB_MIX,2024-06-27 16:00:00,2024-07-11 15:50:00,0.010244895106532667,0.26570502771542537,log1p_zscore
1,subnet_66__eMBB,eMBB,2024-06-27 16:00:00,2024-07-11 15:50:00,0.13927521166542636,1.0803951032316395,log1p_zscore
1,subnet_66__mMTC,mMTC,2024-06-27 16:00:00,2024-07-11 15:50:00,4.11402614136458,3.4363903946303433,log1p_zscore
1,subnet_67__URLLC,URLLC,2024-06-27 16:00:00,2024-07-11 15:50:00,0.1649598833558589,1.0324288791842815,log1p_zscore
1,subnet_67__URLLC_eMBB_MIX,URLLC_eMBB_MIX,2024-06-27 16:00:00,2024-07-11 15:50:00,0.017126908366905166,0.31778443181060617,log1p_zscore
1,subnet_67__eMBB,eMBB,2024-06-27 16:00:00,2024-07-11 15:50:00,0.17659329199667934,1.2115780202154312,log1p_zscore
1,subnet_67__mMTC,mMTC,2024-06-27 16:00:00,2024-07-11 15:50:00,3.971775437755408,3.452821254161843,log1p_zscore
1,subnet_6__URLLC,URLLC,2024-06-27 16:00:00,2024-07-11 15:50:00,3.196888057241333,4.116613219836112,log1p_zscore
1,subnet_6__URLLC_eMBB_MIX,URLLC_eMBB_MIX,2024-06-27 16:00:00,2024-07-11 15:50:00,4.300560944646781,4.041075328111101,log1p_zscore
1,subnet_6__eMBB,eMBB,2024-06-27 16:00:00,2024-07-11 15:50:00,9.373022034060481,6.501704805767912,log1p_zscore
1,subnet_6__mMTC,mMTC,2024-06-27 16:00:00,2024-07-11 15:50:00,7.200760166352487,3.2704747307415545,log1p_zscore
1,subnet_70__URLLC,URLLC,2024-06-27 16:00:00,2024-07-11 15:50:00,2.825053358751082,3.0854951824988426,log1p_zscore
1,subnet_70__URLLC_eMBB_MIX,URLLC_eMBB_MIX,2024-06-27 16:00:00,2024-07-11 15:50:00,1.6832982320224363,2.787328614840058,log1p_zscore
1,subnet_70__eMBB,eMBB,2024-06-27 16:00:00,2024-07-11 15:50:00,0.537879473230981,2.1906528261509015,log1p_zscore
1,subnet_70__mMTC,mMTC,2024-06-27 16:00:00,2024-07-11 15:50:00,5.323368174614324,2.540737673256148,log1p_zscore
1,subnet_7__URLLC,URLLC,2024-06-27 16:00:00,2024-07-11 15:50:00,0.3218668464937387,1.2576063269547355,log1p_zscore
1,subnet_7__URLLC_eMBB_MIX,URLLC_eMBB_MIX,2024-06-27 16:00:00,2024-07-11 15:50:00,0.3210941251669881,1.3409954942478097,log1p_zscore
1,subnet_7__mMTC,mMTC,2024-06-27 16:00:00,2024-07-11 15:50:00,0.02407236755151354,0.3600406277195777,log1p_zscore
1,subnet_85__URLLC,URLLC,2024-06-27 16:00:00,2024-07-11 15:50:00,0.0,1.0,log1p_zscore
1,subnet_85__URLLC_eMBB_MIX,URLLC_eMBB_MIX,2024-06-27 16:00:00,2024-07-11 15:50:00,0.0,1.0,log1p_zscore
1,subnet_85__eMBB,eMBB,2024-06-27 16:00:00,2024-07-11 15:50:00,0.0,1.0,log1p_zscore
1,subnet_85__mMTC,mMTC,2024-06-27 16:00:00,2024-07-11 15:50:00,0.0,1.0,log1p_zscore
1,subnet_87__URLLC,URLLC,2024-06-27 16:00:00,2024-07-11 15:50:00,0.846721877297754,2.0443288786800546,log1p_zscore
1,subnet_87__URLLC_eMBB_MIX,URLLC_eMBB_MIX,2024-06-27 16:00:00,2024-07-11 15:50:00,0.4240769121218976,1.5334893876811313,log1p_zscore
1,subnet_87__eMBB,eMBB,2024-06-27 16:00:00,2024-07-11 15:50:00,0.888634058345349,2.8001011647121827,log1p_zscore
1,subnet_87__mMTC,mMTC,2024-06-27 16:00:00,2024-07-11 15:50:00,3.652113628883955,3.5375488979988075,log1p_zscore
2,subnet_0__URLLC,URLLC,2024-06-28 16:00:00,2024-07-12 15:50:00,1.5651344418080149,3.228839472899863,log1p_zscore
2,subnet_0__URLLC_eMBB_MIX,URLLC_eMBB_MIX,2024-06-28 16:00:00,2024-07-12 15:50:00,10.515194145764582,0.9098332386265542,log1p_zscore
2,subnet_0__eMBB,eMBB,2024-06-28 16:00:00,2024-07-12 15:50:00,5.9201044360644595,5.355399601663777,log1p_zscore
2,subnet_0__mMTC,mMTC,2024-06-28 16:00:00,2024-07-12 15:50:00,2.0888931373129904,3.3594382812830226,log1p_zscore
2,subnet_106__URLLC,URLLC,2024-06-28 16:00:00,2024-07-12 15:50:00,0.3073637260508884,1.2552612839591002,log1p_zscore
2,subnet_106__URLLC_eMBB_MIX,URLLC_eMBB_MIX,2024-06-28 16:00:00,2024-07-12 15:50:00,0.28469885256088406,1.2138126469047463,log1p_zscore
2,subnet_106__eMBB,eMBB,2024-06-28 16:00:00,2024-07-12 15:50:00,0.004895927215840582,0.2197720595416058,log1p_zscore
2,subnet_106__mMTC,mMTC,2024-06-28 16:00:00,2024-07-12 15:50:00,0.09602878110898078,0.7872233340181849,log1p_zscore
2,subnet_107__URLLC,URLLC,2024-06-28 16:00:00,2024-07-12 15:50:00,2.296164381226476,2.945329792672819,log1p_zscore
2,subnet_107__URLLC_eMBB_MIX,URLLC_eMBB_MIX,2024-06-28 16:00:00,2024-07-12 15:50:00,1.138356613879441,2.462910981311225,log1p_zscore
2,subnet_107__eMBB,eMBB,2024-06-28 16:00:00,2024-07-12 15:50:00,0.22435664000436076,1.4237906608452944,log1p_zscore
2,subnet_107__mMTC,mMTC,2024-06-28 16:00:00,2024-07-12 15:50:00,4.386638208758883,2.9701898354864493,log1p_zscore
2,subnet_109__URLLC,URLLC,2024-06-28 16:00:00,2024-07-12 15:50:00,0.36721631984059266,2.0655990332580485,log1p_zscore
2,subnet_109__URLLC_eMBB_MIX,URLLC_eMBB_MIX,2024-06-28 16:00:00,2024-07-12 15:50:00,0.18965669150138742,1.526939354452583,log1p_zscore
2,subnet_109__eMBB,eMBB,2024-06-28 16:00:00,2024-07-12 15:50:00,3.667221075021247,5.805980541378587,log1p_zscore
2,subnet_109__mMTC,mMTC,2024-06-28 16:00:00,2024-07-12 15:50:00,0.19215210658229143,1.242610639364776,log1p_zscore
2,subnet_10__URLLC,URLLC,2024-06-28 16:00:00,2024-07-12 15:50:00,1.142362912104846,2.430986365750358,log1p_zscore
2,subnet_10__URLLC_eMBB_MIX,URLLC_eMBB_MIX,2024-06-28 16:00:00,2024-07-12 15:50:00,5.40950175872562,2.7668168086327936,log1p_zscore
2,subnet_10__eMBB,eMBB,2024-06-28 16:00:00,2024-07-12 15:50:00,0.0,1.0,log1p_zscore
2,subnet_10__mMTC,mMTC,2024-06-28 16:00:00,2024-07-12 15:50:00,0.05672976464063818,0.572279559306194,log1p_zscore
2,subnet_113__URLLC,URLLC,2024-06-28 16:00:00,2024-07-12 15:50:00,2.389146957948141,2.757793573338072,log1p_zscore
2,subnet_113__URLLC_eMBB_MIX,URLLC_eMBB_MIX,2024-06-28 16:00:00,2024-07-12 15:50:00,2.0336365976656277,2.7797121320490255,log1p_zscore
2,subnet_113__eMBB,eMBB,2024-06-28 16:00:00,2024-07-12 15:50:00,0.0,1.0,log1p_zscore
2,subnet_113__mMTC,mMTC,2024-06-28 16:00:00,2024-07-12 15:50:00,0.05521709775018927,0.5671925966697007,log1p_zscore
2,subnet_116__URLLC,URLLC,2024-06-28 16:00:00,2024-07-12 15:50:00,0.2292731158700699,1.0837743422926447,log1p_zscore
2,subnet_116__URLLC_eMBB_MIX,URLLC_eMBB_MIX,2024-06-28 16:00:00,2024-07-12 15:50:00,1.355320982992053,3.4756542050372943,log1p_zscore
2,subnet_116__eMBB,eMBB,2024-06-28 16:00:00,2024-07-12 15:50:00,0.0,1.0,log1p_zscore
2,subnet_116__mMTC,mMTC,2024-06-28 16:00:00,2024-07-12 15:50:00,0.016025832157955663,0.2937252809330706,log1p_zscore
2,subnet_117__URLLC,URLLC,2024-06-28 16:00:00,2024-07-12 15:50:00,0.9516594704952833,2.1858167472844388,log1p_zscore
2,subnet_117__URLLC_eMBB_MIX,URLLC_eMBB_MIX,2024-06-28 16:00:00,2024-07-12 15:50:00,0.31450633346593776,1.3429990862541836,log1p_zscore
2,subnet_117__eMBB,eMBB,2024-06-28 16:00:00,2024-07-12 15:50:00,0.598467520158802,2.544448992758908,log1p_zscore
2,subnet_117__mMTC,mMTC,2024-06-28 16:00:00,2024-07-12 15:50:00,4.035463472711569,3.4877325895026545,log1p_zscore
2,subnet_124__URLLC,URLLC,2024-06-28 16:00:00,2024-07-12 15:50:00,2.907040015971756,6.522265923263361,log1p_zscore
2,subnet_124__URLLC_eMBB_MIX,URLLC_eMBB_MIX,2024-06-28 16:00:00,2024-07-12 15:50:00,3.8307550773690924,7.475166736079182,log1p_zscore
2,subnet_124__eMBB,eMBB,2024-06-28 16:00:00,2024-07-12 15:50:00,10.894270823901776,8.572276595814648,log1p_zscore
2,subnet_126__URLLC,URLLC,2024-06-28 16:00:00,2024-07-12 15:50:00,4.686813187277299,5.275278149192446,log1p_zscore
2,subnet_126__URLLC_eMBB_MIX,URLLC_eMBB_MIX,2024-06-28 16:00:00,2024-07-12 15:50:00,5.57777962986325,6.3838923543190464,log1p_zscore
2,subnet_126__eMBB,eMBB,2024-06-28 16:00:00,2024-07-12 15:50:00,10.9648216179919,5.191104570390665,log1p_zscore
2,subnet_126__mMTC,mMTC,2024-06-28 16:00:00,2024-07-12 15:50:00,7.752461043704053,2.7367020734379572,log1p_zscore
2,subnet_136__URLLC,URLLC,2024-06-28 16:00:00,2024-07-12 15:50:00,0.3486452543991515,1.810486163611714,log1p_zscore
2,subnet_136__URLLC_eMBB_MIX,URLLC_eMBB_MIX,2024-06-28 16:00:00,2024-07-12 15:50:00,0.6535845108974732,2.661281180683108,log1p_zscore
2,subnet_136__eMBB,eMBB,2024-06-28 16:00:00,2024-07-12 15:50:00,4.213119481444027,5.860190685120841,log1p_zscore
2,subnet_136__mMTC,mMTC,2024-06-28 16:00:00,2024-07-12 15:50:00,2.0425564249955634,3.51020464524481,log1p_zscore
2,subnet_13__URLLC,URLLC,2024-06-28 16:00:00,2024-07-12 15:50:00,0.005004202493427364,0.15958160140098157,log1p_zscore
2,subnet_13__URLLC_eMBB_MIX,URLLC_eMBB_MIX,2024-06-28 16:00:00,2024-07-12 15:50:00,0.0,1.0,log1p_zscore
2,subnet_13__eMBB,eMBB,2024-06-28 16:00:00,2024-07-12 15:50:00,0.012972543968110069,0.41383215275077573,log1p_zscore
2,subnet_13__mMTC,mMTC,2024-06-28 16:00:00,2024-07-12 15:50:00,0.06928754092649238,0.6798785736360892,log1p_zscore
2,subnet_146__URLLC,URLLC,2024-06-28 16:00:00,2024-07-12 15:50:00,0.6549596377336977,1.8036783196327781,log1p_zscore
2,subnet_146__URLLC_eMBB_MIX,URLLC_eMBB_MIX,2024-06-28 16:00:00,2024-07-12 15:50:00,0.23229708841968247,1.1996109245779127,log1p_zscore
2,subnet_146__eMBB,eMBB,2024-06-28 16:00:00,2024-07-12 15:50:00,0.0,1.0,log1p_zscore
2,subnet_146__mMTC,mMTC,2024-06-28 16:00:00,2024-07-12 15:50:00,3.277952552247726,2.5951909023935724,log1p_zscore
2,subnet_147__URLLC,URLLC,2024-06-28 16:00:00,2024-07-12 15:50:00,3.0519633632254877,4.578157530642671,log1p_zscore
2,subnet_147__URLLC_eMBB_MIX,URLLC_eMBB_MIX,2024-06-28 16:00:00,2024-07-12 15:50:00,1.7960206316281704,3.8891257217095108,log1p_zscore
2,subnet_147__eMBB,eMBB,2024-06-28 16:00:00,2024-07-12 15:50:00,5.585261610473237,5.621880532784529,log1p_zscore
2,subnet_147__mMTC,mMTC,2024-06-28 16:00:00,2024-07-12 15:50:00,0.053373968616928245,0.6647723893386607,log1p_zscore
2,subnet_148__URLLC,URLLC,2024-06-28 16:00:00,2024-07-12 15:50:00,0.019708673026196492,0.3341500192039406,log1p_zscore
2,subnet_148__URLLC_eMBB_MIX,URLLC_eMBB_MIX,2024-06-28 16:00:00,2024-07-12 15:50:00,0.015656386059416456,0.28662822580551867,log1p_zscore
2,subnet_148__eMBB,eMBB,2024-06-28 16:00:00,2024-07-12 15:50:00,3.844945466841035,5.193090651409585,log1p_zscore
2,subnet_148__mMTC,mMTC,2024-06-28 16:00:00,2024-07-12 15:50:00,0.5484874181152498,2.179871265716436,log1p_zscore
2,subnet_14__URLLC,URLLC,2024-06-28 16:00:00,2024-07-12 15:50:00,0.04661993353048026,0.4927680455818717,log1p_zscore
2,subnet_14__URLLC_eMBB_MIX,URLLC_eMBB_MIX,2024-06-28 16:00:00,2024-07-12 15:50:00,0.0028942513576699427,0.12991932961099065,log1p_zscore
2,subnet_14__eMBB,eMBB,2024-06-28 16:00:00,2024-07-12 15:50:00,0.805577521240021,2.699443235756997,log1p_zscore
2,subnet_14__mMTC,mMTC,2024-06-28 16:00:00,2024-07-12 15:50:00,6.70776481363235,3.4470932756748702,log1p_zscore
2,subnet_158__URLLC,URLLC,2024-06-28 16:00:00,2024-07-12 15:50:00,0.4510624258511664,1.7861457721836136,log1p_zscore
2,subnet_158__URLLC_eMBB_MIX,URLLC_eMBB_MIX,2024-06-28 16:00:00,2024-07-12 15:50:00,0.36443545513785114,1.6390173484854027,log1p_zscore
2,subnet_158__eMBB,eMBB,2024-06-28 16:00:00,2024-07-12 15:50:00,2.9619577267818165,4.854342065226987,log1p_zscore
2,subnet_158__mMTC,mMTC,2024-06-28 16:00:00,2024-07-12 15:50:00,3.844147141297798,4.356126914950213,log1p_zscore
2,subnet_163__URLLC,URLLC,2024-06-28 16:00:00,2024-07-12 15:50:00,0.0,1.0,log1p_zscore
2,subnet_163__URLLC_eMBB_MIX,URLLC_eMBB_MIX,2024-06-28 16:00:00,2024-07-12 15:50:00,10.337479720750407,0.2230942924836143,log1p_zscore
2,subnet_163__eMBB,eMBB,2024-06-28 16:00:00,2024-07-12 15:50:00,0.0,1.0,log1p_zscore
2,subnet_163__mMTC,mMTC,2024-06-28 16:00:00,2024-07-12 15:50:00,0.0,1.0,log1p_zscore
2,subnet_164__URLLC,URLLC,2024-06-28 16:00:00,2024-07-12 15:50:00,0.14723159305909064,0.8600687245421621,log1p_zscore
2,subnet_164__URLLC_eMBB_MIX,URLLC_eMBB_MIX,2024-06-28 16:00:00,2024-07-12 15:50:00,0.1557317985200809,0.9303751719159621,log1p_zscore
2,subnet_164__eMBB,eMBB,2024-06-28 16:00:00,2024-07-12 15:50:00,0.0,1.0,log1p_zscore
2,subnet_164__mMTC,mMTC,2024-06-28 16:00:00,2024-07-12 15:50:00,0.017169800230335448,0.3154726417833604,log1p_zscore
2,subnet_171__URLLC,URLLC,2024-06-28 16:00:00,2024-07-12 15:50:00,0.417289300480236,2.6770895482361743,log1p_zscore
2,subnet_171__URLLC_eMBB_MIX,URLLC_eMBB_MIX,2024-06-28 16:00:00,2024-07-12 15:50:00,0.5400597844141208,3.0890322264186394,log1p_zscore
2,subnet_171__eMBB,eMBB,2024-06-28 16:00:00,2024-07-12 15:50:00,16.43771336507148,4.050163974213176,log1p_zscore
2,subnet_178__URLLC,URLLC,2024-06-28 16:00:00,2024-07-12 15:50:00,0.008394869238178186,0.2178585017847295,log1p_zscore
2,subnet_178__URLLC_eMBB_MIX,URLLC_eMBB_MIX,2024-06-28 16:00:00,2024-07-12 15:50:00,0.0031804654105703854,0.14276712107164877,log1p_zscore
2,subnet_178__eMBB,eMBB,2024-06-28 16:00:00,2024-07-12 15:50:00,0.0,1.0,log1p_zscore
2,subnet_178__mMTC,mMTC,2024-06-28 16:00:00,2024-07-12 15:50:00,0.14641755665237982,0.9249832946014278,log1p_zscore
2,subnet_179__URLLC,URLLC,2024-06-28 16:00:00,2024-07-12 15:50:00,0.03594663372332183,0.4481222329610165,log1p_zscore
2,subnet_179__URLLC_eMBB_MIX,URLLC_eMBB_MIX,2024-06-28 16:00:00,2024-07-12 15:50:00,0.003300031264560192,0.148134282964328,log1p_zscore
2,subnet_179__eMBB,eMBB,2024-06-28 16:00:00,2024-07-12 15:50:00,0.0,1.0,log1p_zscore
2,subnet_179__mMTC,mMTC,2024-06-28 16:00:00,2024-07-12 15:50:00,0.35218653466925204,1.27577950374295,log1p_zscore
2,subnet_17__URLLC,URLLC,2024-06-28 16:00:00,2024-07-12 15:50:00,9.063845384254645,3.2479987478912755,log1p_zscore
2,subnet_17__URLLC_eMBB_MIX,URLLC_eMBB_MIX,2024-06-28 16:00:00,2024-07-12 15:50:00,15.409581335630147,0.7964926198437077,log1p_zscore
2,subnet_17__eMBB,eMBB,2024-06-28 16:00:00,2024-07-12 15:50:00,12.109145353111153,3.792018777432151,log1p_zscore
2,subnet_17__mMTC,mMTC,2024-06-28 16:00:00,2024-07-12 15:50:00,8.007957601634638,2.440155110956701,log1p_zscore
2,subnet_181__URLLC,URLLC,2024-06-28 16:00:00,2024-07-12 15:50:00,0.0,1.0,log1p_zscore
2,subnet_181__URLLC_eMBB_MIX,URLLC_eMBB_MIX,2024-06-28 16:00:00,2024-07-12 15:50:00,0.0,1.0,log1p_zscore
2,subnet_181__eMBB,eMBB,2024-06-28 16:00:00,2024-07-12 15:50:00,0.0,1.0,log1p_zscore
2,subnet_181__mMTC,mMTC,2024-06-28 16:00:00,2024-07-12 15:50:00,0.0025445926165293025,0.11422358531385847,log1p_zscore
2,subnet_200__URLLC,URLLC,2024-06-28 16:00:00,2024-07-12 15:50:00,7.819178357274925,2.462929122561631,log1p_zscore
2,subnet_200__URLLC_eMBB_MIX,URLLC_eMBB_MIX,2024-06-28 16:00:00,2024-07-12 15:50:00,10.461753304711385,2.1864932072220427,log1p_zscore
2,subnet_200__eMBB,eMBB,2024-06-28 16:00:00,2024-07-12 15:50:00,13.411754579977805,1.8857052484198242,log1p_zscore
2,subnet_200__mMTC,mMTC,2024-06-28 16:00:00,2024-07-12 15:50:00,8.614656022462562,1.264996764017074,log1p_zscore
2,subnet_202__URLLC,URLLC,2024-06-28 16:00:00,2024-07-12 15:50:00,7.448880588621541,3.1411625979618205,log1p_zscore
2,subnet_202__URLLC_eMBB_MIX,URLLC_eMBB_MIX,2024-06-28 16:00:00,2024-07-12 15:50:00,11.489239501535897,1.1120013129210984,log1p_zscore
2,subnet_202__eMBB,eMBB,2024-06-28 16:00:00,2024-07-12 15:50:00,13.51045303311731,1.2942320613948175,log1p_zscore
2,subnet_202__mMTC,mMTC,2024-06-28 16:00:00,2024-07-12 15:50:00,8.959669071521498,1.1077789860222715,log1p_zscore
2,subnet_206__URLLC,URLLC,2024-06-28 16:00:00,2024-07-12 15:50:00,0.0,1.0,log1p_zscore
2,subnet_206__URLLC_eMBB_MIX,URLLC_eMBB_MIX,2024-06-28 16:00:00,2024-07-12 15:50:00,0.0,1.0,log1p_zscore
2,subnet_206__eMBB,eMBB,2024-06-28 16:00:00,2024-07-12 15:50:00,0.0,1.0,log1p_zscore
2,subnet_206__mMTC,mMTC,2024-06-28 16:00:00,2024-07-12 15:50:00,0.0,1.0,log1p_zscore
2,subnet_211__URLLC,URLLC,2024-06-28 16:00:00,2024-07-12 15:50:00,0.011645634190505136,0.2625916998764077,log1p_zscore
2,subnet_211__URLLC_eMBB_MIX,URLLC_eMBB_MIX,2024-06-28 16:00:00,2024-07-12 15:50:00,0.002511207853684011,0.11272498499478537,log1p_zscore
2,subnet_211__eMBB,eMBB,2024-06-28 16:00:00,2024-07-12 15:50:00,11.75431747766863,3.499687494442627,log1p_zscore
2,subnet_211__mMTC,mMTC,2024-06-28 16:00:00,2024-07-12 15:50:00,0.9343639859972893,2.6861497817039464,log1p_zscore
2,subnet_235__URLLC,URLLC,2024-06-28 16:00:00,2024-07-12 15:50:00,2.361922995344259,3.3103681571665513,log1p_zscore
2,subnet_235__URLLC_eMBB_MIX,URLLC_eMBB_MIX,2024-06-28 16:00:00,2024-07-12 15:50:00,2.5983179232706317,3.289830349294884,log1p_zscore
2,subnet_235__eMBB,eMBB,2024-06-28 16:00:00,2024-07-12 15:50:00,6.5217510046638525,5.908354605105604,log1p_zscore
2,subnet_235__mMTC,mMTC,2024-06-28 16:00:00,2024-07-12 15:50:00,7.702457123156647,1.3452746281357324,log1p_zscore
2,subnet_236__URLLC,URLLC,2024-06-28 16:00:00,2024-07-12 15:50:00,5.825931770983518,4.514297598190397,log1p_zscore
2,subnet_236__URLLC_eMBB_MIX,URLLC_eMBB_MIX,2024-06-28 16:00:00,2024-07-12 15:50:00,7.5499789690255215,4.790258121101633,log1p_zscore
2,subnet_236__eMBB,eMBB,2024-06-28 16:00:00,2024-07-12 15:50:00,11.657316136580238,4.674912111343465,log1p_zscore
2,subnet_236__mMTC,mMTC,2024-06-28 16:00:00,2024-07-12 15:50:00,7.728893785298895,2.598521213602683,log1p_zscore
2,subnet_238__URLLC,URLLC,2024-06-28 16:00:00,2024-07-12 15:50:00,3.0412024296843874,3.6376692292768817,log1p_zscore
2,subnet_238__URLLC_eMBB_MIX,URLLC_eMBB_MIX,2024-06-28 16:00:00,2024-07-12 15:50:00,1.8736873383089832,4.039999556888168,log1p_zscore
2,subnet_238__eMBB,eMBB,2024-06-28 16:00:00,2024-07-12 15:50:00,5.412869484997176,5.94098234893349,log1p_zscore
2,subnet_238__mMTC,mMTC,2024-06-28 16:00:00,2024-07-12 15:50:00,8.080130454582335,1.222008349905555,log1p_zscore
2,subnet_241__URLLC,URLLC,2024-06-28 16:00:00,2024-07-12 15:50:00,5.524659112148232,3.6274560069900144,log1p_zscore
2,subnet_241__URLLC_eMBB_MIX,URLLC_eMBB_MIX,2024-06-28 16:00:00,2024-07-12 15:50:00,8.70195822287727,2.2614054093593983,log1p_zscore
2,subnet_241__eMBB,eMBB,2024-06-28 16:00:00,2024-07-12 15:50:00,12.626125913819084,1.9756457928451274,log1p_zscore
2,subnet_241__mMTC,mMTC,2024-06-28 16:00:00,2024-07-12 15:50:00,7.086344741168557,2.1897210135527065,log1p_zscore
2,subnet_242__URLLC,URLLC,2024-06-28 16:00:00,2024-07-12 15:50:00,5.249587820293183,3.2235381608597975,log1p_zscore
2,subnet_242__URLLC_eMBB_MIX,URLLC_eMBB_MIX,2024-06-28 16:00:00,2024-07-12 15:50:00,6.249285566593982,3.6730399220945777,log1p_zscore
2,subnet_242__eMBB,eMBB,2024-06-28 16:00:00,2024-07-12 15:50:00,6.617510787339827,5.6004047867299,log1p_zscore
2,subnet_242__mMTC,mMTC,2024-06-28 16:00:00,2024-07-12 15:50:00,7.418698194564935,2.5248320204574024,log1p_zscore
2,subnet_244__URLLC,URLLC,2024-06-28 16:00:00,2024-07-12 15:50:00,0.0037020650027381054,0.16618107548172883,log1p_zscore
2,subnet_244__URLLC_eMBB_MIX,URLLC_eMBB_MIX,2024-06-28 16:00:00,2024-07-12 15:50:00,0.0,1.0,log1p_zscore
2,subnet_244__eMBB,eMBB,2024-06-28 16:00:00,2024-07-12 15:50:00,0.01725537712742055,0.4528537023640349,log1p_zscore
2,subnet_244__mMTC,mMTC,2024-06-28 16:00:00,2024-07-12 15:50:00,0.5431027540029142,1.9624779070209328,log1p_zscore
2,subnet_249__eMBB,eMBB,2024-06-28 16:00:00,2024-07-12 15:50:00,20.47547935305904,1.3820342774880388,log1p_zscore
2,subnet_250__URLLC,URLLC,2024-06-28 16:00:00,2024-07-12 15:50:00,1.4406633799543014,3.4434119332828454,log1p_zscore
2,subnet_250__URLLC_eMBB_MIX,URLLC_eMBB_MIX,2024-06-28 16:00:00,2024-07-12 15:50:00,1.2212737502948328,3.637363139639028,log1p_zscore
2,subnet_250__eMBB,eMBB,2024-06-28 16:00:00,2024-07-12 15:50:00,9.874592825857574,4.523264605198728,log1p_zscore
2,subnet_250__mMTC,mMTC,2024-06-28 16:00:00,2024-07-12 15:50:00,8.641060443415968,1.9499699166094324,log1p_zscore
2,subnet_261__URLLC,URLLC,2024-06-28 16:00:00,2024-07-12 15:50:00,1.883121403625608,2.7283982886911557,log1p_zscore
2,subnet_261__URLLC_eMBB_MIX,URLLC_eMBB_MIX,2024-06-28 16:00:00,2024-07-12 15:50:00,3.653712821012651,3.1587861809979816,log1p_zscore
2,subnet_261__eMBB,eMBB,2024-06-28 16:00:00,2024-07-12 15:50:00,0.055258051792140515,0.7493495486464115,log1p_zscore
2,subnet_261__mMTC,mMTC,2024-06-28 16:00:00,2024-07-12 15:50:00,0.20917713785143624,1.1052053535978643,log1p_zscore
2,subnet_263__URLLC,URLLC,2024-06-28 16:00:00,2024-07-12 15:50:00,3.9603295253725435,3.749001717028594,log1p_zscore
2,subnet_263__URLLC_eMBB_MIX,URLLC_eMBB_MIX,2024-06-28 16:00:00,2024-07-12 15:50:00,14.527936675555907,2.6256946149921783,log1p_zscore
2,subnet_263__eMBB,eMBB,2024-06-28 16:00:00,2024-07-12 15:50:00,5.322347257694525,5.833529986424358,log1p_zscore
2,subnet_263__mMTC,mMTC,2024-06-28 16:00:00,2024-07-12 15:50:00,4.0716924555569065,3.8007247656398118,log1p_zscore
2,subnet_271__URLLC,URLLC,2024-06-28 16:00:00,2024-07-12 15:50:00,0.05340496556487292,0.5870096192591594,log1p_zscore
2,subnet_271__URLLC_eMBB_MIX,URLLC_eMBB_MIX,2024-06-28 16:00:00,2024-07-12 15:50:00,0.0169222994102928,0.3147321134517496,log1p_zscore
2,subnet_271__eMBB,eMBB,2024-06-28 16:00:00,2024-07-12 15:50:00,3.4102723152537937,4.826960123973151,log1p_zscore
2,subnet_271__mMTC,mMTC,2024-06-28 16:00:00,2024-07-12 15:50:00,3.434338180144744,4.012953204124068,log1p_zscore
2,subnet_272__URLLC,URLLC,2024-06-28 16:00:00,2024-07-12 15:50:00,0.056652042965942416,0.807887712713436,log1p_zscore
2,subnet_272__URLLC_eMBB_MIX,URLLC_eMBB_MIX,2024-06-28 16:00:00,2024-07-12 15:50:00,0.046516528425239984,0.7525240561466974,log1p_zscore
2,subnet_272__eMBB,eMBB,2024-06-28 16:00:00,2024-07-12 15:50:00,0.4289166998226556,2.2921054747738965,log1p_zscore
2,subnet_272__mMTC,mMTC,2024-06-28 16:00:00,2024-07-12 15:50:00,0.011663583507581394,0.2711311329574191,log1p_zscore
2,subnet_273__URLLC,URLLC,2024-06-28 16:00:00,2024-07-12 15:50:00,0.019876819287482275,0.3412746163813359,log1p_zscore
2,subnet_273__URLLC_eMBB_MIX,URLLC_eMBB_MIX,2024-06-28 16:00:00,2024-07-12 15:50:00,0.013547861916147515,0.273566445089401,log1p_zscore
2,subnet_273__eMBB,eMBB,2024-06-28 16:00:00,2024-07-12 15:50:00,0.9186739482957309,3.1945949447477995,log1p_zscore
2,subnet_273__mMTC,mMTC,2024-06-28 16:00:00,2024-07-12 15:50:00,0.20413384189107872,1.2878563123472968,log1p_zscore
2,subnet_278__URLLC,URLLC,2024-06-28 16:00:00,2024-07-12 15:50:00,0.26974329858663926,1.4453761521394997,log1p_zscore
2,subnet_278__URLLC_eMBB_MIX,URLLC_eMBB_MIX,2024-06-28 16:00:00,2024-07-12 15:50:00,0.0,1.0,log1p_zscore
2,subnet_278__eMBB,eMBB,2024-06-28 16:00:00,2024-07-12 15:50:00,6.391756031344074,4.386241015788881,log1p_zscore
2,subnet_278__mMTC,mMTC,2024-06-28 16:00:00,2024-07-12 15:50:00,1.9256356850702026,3.3591647123441652,log1p_zscore
2,subnet_281__URLLC,URLLC,2024-06-28 16:00:00,2024-07-12 15:50:00,0.3306283567957492,1.4371732815622802,log1p_zscore
2,subnet_281__URLLC_eMBB_MIX,URLLC_eMBB_MIX,2024-06-28 16:00:00,2024-07-12 15:50:00,6.861407945602139,1.7708134350543638,log1p_zscore
2,subnet_281__eMBB,eMBB,2024-06-28 16:00:00,2024-07-12 15:50:00,0.0,1.0,log1p_zscore
2,subnet_281__mMTC,mMTC,2024-06-28 16:00:00,2024-07-12 15:50:00,0.008107895257996173,0.21011949031929555,log1p_zscore
2,subnet_302__URLLC,URLLC,2024-06-28 16:00:00,2024-07-12 15:50:00,0.022858289029635707,0.4326358134373397,log1p_zscore
2,subnet_302__URLLC_eMBB_MIX,URLLC_eMBB_MIX,2024-06-28 16:00:00,2024-07-12 15:50:00,0.04915596000423421,0.7400595619649021,log1p_zscore
2,subnet_302__eMBB,eMBB,2024-06-28 16:00:00,2024-07-12 15:50:00,0.1818207361985786,1.4503950631936207,log1p_zscore
2,subnet_302__mMTC,mMTC,2024-06-28 16:00:00,2024-07-12 15:50:00,0.15897280426858187,1.1004355131464003,log1p_zscore
2,subnet_310__URLLC,URLLC,2024-06-28 16:00:00,2024-07-12 15:50:00,0.7231195077158447,1.9211394138600022,log1p_zscore
2,subnet_310__URLLC_eMBB_MIX,URLLC_eMBB_MIX,2024-06-28 16:00:00,2024-07-12 15:50:00,0.41117253086739736,1.5609439779080523,log1p_zscore
2,subnet_310__eMBB,eMBB,2024-06-28 16:00:00,2024-07-12 15:50:00,1.4696901784397147,3.5119796609715657,log1p_zscore
2,subnet_310__mMTC,mMTC,2024-06-28 16:00:00,2024-07-12 15:50:00,3.3456172884088047,3.5164172709436663,log1p_zscore
2,subnet_316__URLLC,URLLC,2024-06-28 16:00:00,2024-07-12 15:50:00,0.29740869593122005,1.8163730681867643,log1p_zscore
2,subnet_316__URLLC_eMBB_MIX,URLLC_eMBB_MIX,2024-06-28 16:00:00,2024-07-12 15:50:00,0.22200011021329719,1.5542964747993993,log1p_zscore
2,subnet_316__eMBB,eMBB,2024-06-28 16:00:00,2024-07-12 15:50:00,3.071117528512119,5.1072971203547315,log1p_zscore
2,subnet_316__mMTC,mMTC,2024-06-28 16:00:00,2024-07-12 15:50:00,3.763604511783961,4.353407816076566,log1p_zscore
2,subnet_322__URLLC,URLLC,2024-06-28 16:00:00,2024-07-12 15:50:00,0.33762182695537,1.3182917405977286,log1p_zscore
2,subnet_322__URLLC_eMBB_MIX,URLLC_eMBB_MIX,2024-06-28 16:00:00,2024-07-12 15:50:00,0.07006331613959456,0.6558870790315192,log1p_zscore
2,subnet_322__eMBB,eMBB,2024-06-28 16:00:00,2024-07-12 15:50:00,0.0,1.0,log1p_zscore
2,subnet_322__mMTC,mMTC,2024-06-28 16:00:00,2024-07-12 15:50:00,3.2093245786281557,2.569433802365078,log1p_zscore
2,subnet_324__URLLC,URLLC,2024-06-28 16:00:00,2024-07-12 15:50:00,0.36349249440874,2.084724186273213,log1p_zscore
2,subnet_324__URLLC_eMBB_MIX,URLLC_eMBB_MIX,2024-06-28 16:00:00,2024-07-12 15:50:00,0.023857371769062392,0.5064190979975298,log1p_zscore
2,subnet_324__eMBB,eMBB,2024-06-28 16:00:00,2024-07-12 15:50:00,12.336031572451354,2.487944229443283,log1p_zscore
2,subnet_324__mMTC,mMTC,2024-06-28 16:00:00,2024-07-12 15:50:00,0.009084932986869477,0.2897669140283904,log1p_zscore
2,subnet_32__URLLC,URLLC,2024-06-28 16:00:00,2024-07-12 15:50:00,0.4089475329116528,1.4735708499566906,log1p_zscore
2,subnet_32__URLLC_eMBB_MIX,URLLC_eMBB_MIX,2024-06-28 16:00:00,2024-07-12 15:50:00,0.12854719659454397,0.8794712767233551,log1p_zscore
2,subnet_32__eMBB,eMBB,2024-06-28 16:00:00,2024-07-12 15:50:00,6.200379940396162,5.927856127866639,log1p_zscore
2,subnet_32__mMTC,mMTC,2024-06-28 16:00:00,2024-07-12 15:50:00,2.198875686510472,3.360789101764989,log1p_zscore
2,subnet_330__URLLC,URLLC,2024-06-28 16:00:00,2024-07-12 15:50:00,0.039048276416838924,0.7151429395152017,log1p_zscore
2,subnet_330__URLLC_eMBB_MIX,URLLC_eMBB_MIX,2024-06-28 16:00:00,2024-07-12 15:50:00,0.07893050921549562,1.1854396457231589,log1p_zscore
2,subnet_330__eMBB,eMBB,2024-06-28 16:00:00,2024-07-12 15:50:00,12.834540520692585,1.4996009140179376,log1p_zscore
2,subnet_330__mMTC,mMTC,2024-06-28 16:00:00,2024-07-12 15:50:00,0.0,1.0,log1p_zscore
2,subnet_332__URLLC,URLLC,2024-06-28 16:00:00,2024-07-12 15:50:00,1.3951564402225733,3.6717536522134417,log1p_zscore
2,subnet_332__URLLC_eMBB_MIX,URLLC_eMBB_MIX,2024-06-28 16:00:00,2024-07-12 15:50:00,0.22292321182196712,1.7484928119946892,log1p_zscore
2,subnet_332__eMBB,eMBB,2024-06-28 16:00:00,2024-07-12 15:50:00,10.73996309679062,4.7257197680854945,log1p_zscore
2,subnet_332__mMTC,mMTC,2024-06-28 16:00:00,2024-07-12 15:50:00,0.0,1.0,log1p_zscore
2,subnet_336__URLLC,URLLC,2024-06-28 16:00:00,2024-07-12 15:50:00,0.0265360904837832,0.4213548500533193,log1p_zscore
2,subnet_336__URLLC_eMBB_MIX,URLLC_eMBB_MIX,2024-06-28 16:00:00,2024-07-12 15:50:00,0.0,1.0,log1p_zscore
2,subnet_336__eMBB,eMBB,2024-06-28 16:00:00,2024-07-12 15:50:00,0.008394781250151456,0.2664030679031071,log1p_zscore
2,subnet_336__mMTC,mMTC,2024-06-28 16:00:00,2024-07-12 15:50:00,0.5359010098381912,1.7377713718917356,log1p_zscore
2,subnet_337__URLLC,URLLC,2024-06-28 16:00:00,2024-07-12 15:50:00,0.0,1.0,log1p_zscore
2,subnet_337__URLLC_eMBB_MIX,URLLC_eMBB_MIX,2024-06-28 16:00:00,2024-07-12 15:50:00,0.0,1.0,log1p_zscore
2,subnet_337__eMBB,eMBB,2024-06-28 16:00:00,2024-07-12 15:50:00,0.0,1.0,log1p_zscore
2,subnet_337__mMTC,mMTC,2024-06-28 16:00:00,2024-07-12 15:50:00,0.0,1.0,log1p_zscore
2,subnet_342__URLLC,URLLC,2024-06-28 16:00:00,2024-07-12 15:50:00,0.011768956038338083,0.26476602709580993,log1p_zscore
2,subnet_342__URLLC_eMBB_MIX,URLLC_eMBB_MIX,2024-06-28 16:00:00,2024-07-12 15:50:00,0.0,1.0,log1p_zscore
2,subnet_342__eMBB,eMBB,2024-06-28 16:00:00,2024-07-12 15:50:00,2.551140664375958,4.662505161996262,log1p_zscore
2,subnet_342__mMTC,mMTC,2024-06-28 16:00:00,2024-07-12 15:50:00,3.476037798387409,4.488399548013984,log1p_zscore
2,subnet_356__URLLC,URLLC,2024-06-28 16:00:00,2024-07-12 15:50:00,1.4827945791505481,4.026081254289302,log1p_zscore
2,subnet_356__URLLC_eMBB_MIX,URLLC_eMBB_MIX,2024-06-28 16:00:00,2024-07-12 15:50:00,1.2800968922545901,4.228307382790199,log1p_zscore
2,subnet_356__eMBB,eMBB,2024-06-28 16:00:00,2024-07-12 15:50:00,8.16856696593376,5.768498850477423,log1p_zscore
2,subnet_356__mMTC,mMTC,2024-06-28 16:00:00,2024-07-12 15:50:00,0.5862302359719787,2.1567191812555957,log1p_zscore
2,subnet_36__URLLC,URLLC,2024-06-28 16:00:00,2024-07-12 15:50:00,0.018742859738030276,0.31794359039540454,log1p_zscore
2,subnet_36__URLLC_eMBB_MIX,URLLC_eMBB_MIX,2024-06-28 16:00:00,2024-07-12 15:50:00,0.0,1.0,log1p_zscore
2,subnet_36__eMBB,eMBB,2024-06-28 16:00:00,2024-07-12 15:50:00,0.006894630919187471,0.30949137315328995,log1p_zscore
2,subnet_36__mMTC,mMTC,2024-06-28 16:00:00,2024-07-12 15:50:00,0.18094581789806974,1.101314451441807,log1p_zscore
2,subnet_373__URLLC,URLLC,2024-06-28 16:00:00,2024-07-12 15:50:00,0.04093223481733996,0.8219085452537533,log1p_zscore
2,subnet_373__URLLC_eMBB_MIX,URLLC_eMBB_MIX,2024-06-28 16:00:00,2024-07-12 15:50:00,0.16877753687406338,1.7320584940147836,log1p_zscore
2,subnet_373__eMBB,eMBB,2024-06-28 16:00:00,2024-07-12 15:50:00,13.361801864959443,2.4228540628719033,log1p_zscore
2,subnet_373__mMTC,mMTC,2024-06-28 16:00:00,2024-07-12 15:50:00,0.0,1.0,log1p_zscore
2,subnet_38__URLLC,URLLC,2024-06-28 16:00:00,2024-07-12 15:50:00,0.5458391615642708,1.7066186464901396,log1p_zscore
2,subnet_38__URLLC_eMBB_MIX,URLLC_eMBB_MIX,2024-06-28 16:00:00,2024-07-12 15:50:00,0.3656505981268065,1.4389395711737338,log1p_zscore
2,subnet_38__eMBB,eMBB,2024-06-28 16:00:00,2024-07-12 15:50:00,0.6523402839626755,2.4468666301002044,log1p_zscore
2,subnet_38__mMTC,mMTC,2024-06-28 16:00:00,2024-07-12 15:50:00,2.5109631360012976,3.80138297564843,log1p_zscore
2,subnet_415__URLLC,URLLC,2024-06-28 16:00:00,2024-07-12 15:50:00,0.948122651378779,2.1289095041799215,log1p_zscore
2,subnet_415__URLLC_eMBB_MIX,URLLC_eMBB_MIX,2024-06-28 16:00:00,2024-07-12 15:50:00,1.6287037803158884,2.6572125524986734,log1p_zscore
2,subnet_415__eMBB,eMBB,2024-06-28 16:00:00,2024-07-12 15:50:00,0.18328094904360245,1.3300899849536891,log1p_zscore
2,subnet_415__mMTC,mMTC,2024-06-28 16:00:00,2024-07-12 15:50:00,0.704665148706055,2.2485810518563714,log1p_zscore
2,subnet_418__URLLC,URLLC,2024-06-28 16:00:00,2024-07-12 15:50:00,0.34237654858567185,1.3364301706787312,log1p_zscore
2,subnet_418__URLLC_eMBB_MIX,URLLC_eMBB_MIX,2024-06-28 16:00:00,2024-07-12 15:50:00,0.5736295534853688,1.784291234317727,log1p_zscore
2,subnet_418__eMBB,eMBB,2024-06-28 16:00:00,2024-07-12 15:50:00,0.0,1.0,log1p_zscore
2,subnet_418__mMTC,mMTC,2024-06-28 16:00:00,2024-07-12 15:50:00,0.02293026768814864,0.3637452792871894,log1p_zscore
2,subnet_419__URLLC,URLLC,2024-06-28 16:00:00,2024-07-12 15:50:00,0.3544921758685917,1.4485548005951498,log1p_zscore
2,subnet_419__URLLC_eMBB_MIX,URLLC_eMBB_MIX,2024-06-28 16:00:00,2024-07-12 15:50:00,0.2418749462148834,1.212413737271208,log1p_zscore
2,subnet_419__eMBB,eMBB,2024-06-28 16:00:00,2024-07-12 15:50:00,0.7635020348525883,2.6603431130599935,log1p_zscore
2,subnet_419__mMTC,mMTC,2024-06-28 16:00:00,2024-07-12 15:50:00,3.1770058344353034,3.907170546436967,log1p_zscore
2,subnet_438__URLLC,URLLC,2024-06-28 16:00:00,2024-07-12 15:50:00,0.22852833089729643,1.094673530962575,log1p_zscore
2,subnet_438__URLLC_eMBB_MIX,URLLC_eMBB_MIX,2024-06-28 16:00:00,2024-07-12 15:50:00,0.03630845595752712,0.47379034703692574,log1p_zscore
2,subnet_438__eMBB,eMBB,2024-06-28 16:00:00,2024-07-12 15:50:00,0.0,1.0,log1p_zscore
2,subnet_438__mMTC,mMTC,2024-06-28 16:00:00,2024-07-12 15:50:00,2.681270055703626,2.594186199064398,log1p_zscore
2,subnet_449__URLLC,URLLC,2024-06-28 16:00:00,2024-07-12 15:50:00,0.0,1.0,log1p_zscore
2,subnet_449__URLLC_eMBB_MIX,URLLC_eMBB_MIX,2024-06-28 16:00:00,2024-07-12 15:50:00,0.0,1.0,log1p_zscore
2,subnet_449__mMTC,mMTC,2024-06-28 16:00:00,2024-07-12 15:50:00,0.00794303507551874,0.20600159568950957,log1p_zscore
2,subnet_454__URLLC,URLLC,2024-06-28 16:00:00,2024-07-12 15:50:00,0.1319022720961564,0.8505057505433111,log1p_zscore
2,subnet_454__URLLC_eMBB_MIX,URLLC_eMBB_MIX,2024-06-28 16:00:00,2024-07-12 15:50:00,0.19326730384104163,1.0882171839661183,log1p_zscore
2,subnet_454__eMBB,eMBB,2024-06-28 16:00:00,2024-07-12 15:50:00,0.024373618602350912,0.48923970371520153,log1p_zscore
2,subnet_454__mMTC,mMTC,2024-06-28 16:00:00,2024-07-12 15:50:00,0.4462045012565574,1.7539777206855527,log1p_zscore
2,subnet_477__URLLC,URLLC,2024-06-28 16:00:00,2024-07-12 15:50:00,2.7067512598151495,5.213961535324063,log1p_zscore
2,subnet_477__URLLC_eMBB_MIX,URLLC_eMBB_MIX,2024-06-28 16:00:00,2024-07-12 15:50:00,2.865952078333022,5.84543942997349,log1p_zscore
2,subnet_477__eMBB,eMBB,2024-06-28 16:00:00,2024-07-12 15:50:00,8.278115975710971,7.2640818996457375,log1p_zscore
2,subnet_477__mMTC,mMTC,2024-06-28 16:00:00,2024-07-12 15:50:00,0.011844998477486251,0.3069214277969597,log1p_zscore
2,subnet_4__URLLC,URLLC,2024-06-28 16:00:00,2024-07-12 15:50:00,0.18515749564410916,1.0037598476058893,log1p_zscore
2,subnet_4__URLLC_eMBB_MIX,URLLC_eMBB_MIX,2024-06-28 16:00:00,2024-07-12 15:50:00,0.328208780941291,1.365977003580609,log1p_zscore
2,subnet_4__mMTC,mMTC,2024-06-28 16:00:00,2024-07-12 15:50:00,0.016074652362010874,0.2947087681815069,log1p_zscore
2,subnet_522__URLLC,URLLC,2024-06-28 16:00:00,2024-07-12 15:50:00,0.9822341422072113,2.1780029155273297,log1p_zscore
2,subnet_522__URLLC_eMBB_MIX,URLLC_eMBB_MIX,2024-06-28 16:00:00,2024-07-12 15:50:00,1.2264976538995755,2.5934126511172617,log1p_zscore
2,subnet_522__eMBB,eMBB,2024-06-28 16:00:00,2024-07-12 15:50:00,0.0,1.0,log1p_zscore
2,subnet_522__mMTC,mMTC,2024-06-28 16:00:00,2024-07-12 15:50:00,2.0234122441330467,2.565636473840925,log1p_zscore
2,subnet_65__URLLC,URLLC,2024-06-28 16:00:00,2024-07-12 15:50:00,0.09826400779047713,0.7912395991247867,log1p_zscore
2,subnet_65__URLLC_eMBB_MIX,URLLC_eMBB_MIX,2024-06-28 16:00:00,2024-07-12 15:50:00,0.015896373371970165,0.3199871128186865,log1p_zscore
2,subnet_65__eMBB,eMBB,2024-06-28 16:00:00,2024-07-12 15:50:00,0.10673474755876491,0.9541985100734202,log1p_zscore
2,subnet_65__mMTC,mMTC,2024-06-28 16:00:00,2024-07-12 15:50:00,3.71913424630368,3.7255567986721614,log1p_zscore
2,subnet_66__URLLC,URLLC,2024-06-28 16:00:00,2024-07-12 15:50:00,0.11621820284023103,0.8725955192758535,log1p_zscore
2,subnet_66__URLLC_eMBB_MIX,URLLC_eMBB_MIX,2024-06-28 16:00:00,2024-07-12 15:50:00,0.010244895106532665,0.26570502771542537,log1p_zscore
2,subnet_66__eMBB,eMBB,2024-06-28 16:00:00,2024-07-12 15:50:00,0.17735912606275783,1.2166842140492433,log1p_zscore
2,subnet_66__mMTC,mMTC,2024-06-28 16:00:00,2024-07-12 15:50:00,4.108768499061384,3.4419557178181486,log1p_zscore
2,subnet_67__URLLC,URLLC,2024-06-28 16:00:00,2024-07-12 15:50:00,0.16718678122873554,1.035413389112113,log1p_zscore
2,subnet_67__URLLC_eMBB_MIX,URLLC_eMBB_MIX,2024-06-28 16:00:00,2024-07-12 15:50:00,0.017126908366905166,0.31778443181060617,log1p_zscore
2,subnet_67__eMBB,eMBB,2024-06-28 16:00:00,2024-07-12 15:50:00,0.20252021257548283,1.297592749498392,log1p_zscore
2,subnet_67__mMTC,mMTC,2024-06-28 16:00:00,2024-07-12 15:50:00,3.9680286151160367,3.4645533399277513,log1p_zscore
2,subnet_6__URLLC,URLLC,2024-06-28 16:00:00,2024-07-12 15:50:00,3.1174675407973793,4.0754121387518705,log1p_zscore
2,subnet_6__URLLC_eMBB_MIX,URLLC_eMBB_MIX,2024-06-28 16:00:00,2024-07-12 15:50:00,4.119194193885597,3.9594472863291097,log1p_zscore
2,subnet_6__eMBB,eMBB,2024-06-28 16:00:00,2024-07-12 15:50:00,9.381838047500734,6.468874013090285,log1p_zscore
2,subnet_6__mMTC,mMTC,2024-06-28 16:00:00,2024-07-12 15:50:00,7.227689975224967,3.2602570061775373,log1p_zscore
2,subnet_70__URLLC,URLLC,2024-06-28 16:00:00,2024-07-12 15:50:00,2.790301244002997,3.0851579514988803,log1p_zscore
2,subnet_70__URLLC_eMBB_MIX,URLLC_eMBB_MIX,2024-06-28 16:00:00,2024-07-12 15:50:00,1.6930947358174833,2.7885549437193338,log1p_zscore
2,subnet_70__eMBB,eMBB,2024-06-28 16:00:00,2024-07-12 15:50:00,0.5482731778149594,2.2124544981814753,log1p_zscore
2,subnet_70__mMTC,mMTC,2024-06-28 16:00:00,2024-07-12 15:50:00,5.288751731480343,2.567695504008414,log1p_zscore
2,subnet_7__URLLC,URLLC,2024-06-28 16:00:00,2024-07-12 15:50:00,0.3488561325085274,1.3087123347913303,log1p_zscore
2,subnet_7__URLLC_eMBB_MIX,URLLC_eMBB_MIX,2024-06-28 16:00:00,2024-07-12 15:50:00,0.332898542350438,1.3638434576236331,log1p_zscore
2,subnet_7__mMTC,mMTC,2024-06-28 16:00:00,2024-07-12 15:50:00,0.026722334938400847,0.379014064173403,log1p_zscore
2,subnet_85__URLLC,URLLC,2024-06-28 16:00:00,2024-07-12 15:50:00,0.0,1.0,log1p_zscore
2,subnet_85__URLLC_eMBB_MIX,URLLC_eMBB_MIX,2024-06-28 16:00:00,2024-07-12 15:50:00,0.0,1.0,log1p_zscore
2,subnet_85__eMBB,eMBB,2024-06-28 16:00:00,2024-07-12 15:50:00,0.0,1.0,log1p_zscore
2,subnet_85__mMTC,mMTC,2024-06-28 16:00:00,2024-07-12 15:50:00,0.0,1.0,log1p_zscore
2,subnet_87__URLLC,URLLC,2024-06-28 16:00:00,2024-07-12 15:50:00,0.8464063078424928,2.047641250216603,log1p_zscore
2,subnet_87__URLLC_eMBB_MIX,URLLC_eMBB_MIX,2024-06-28 16:00:00,2024-07-12 15:50:00,0.4379547828517664,1.5491157994645597,log1p_zscore
2,subnet_87__eMBB,eMBB,2024-06-28 16:00:00,2024-07-12 15:50:00,0.8376899786315344,2.7297813304838394,log1p_zscore
2,subnet_87__mMTC,mMTC,2024-06-28 16:00:00,2024-07-12 15:50:00,3.6661285655831626,3.524103582927971,log1p_zscore
3,subnet_0__URLLC,URLLC,2024-06-29 16:00:00,2024-07-13 15:50:00,1.5807663144304451,3.2857280446756723,log1p_zscore
3,subnet_0__URLLC_eMBB_MIX,URLLC_eMBB_MIX,2024-06-29 16:00:00,2024-07-13 15:50:00,10.520047819485644,1.018694013282907,log1p_zscore
3,subnet_0__eMBB,eMBB,2024-06-29 16:00:00,2024-07-13 15:50:00,6.180096093707346,5.430363822257341,log1p_zscore
3,subnet_0__mMTC,mMTC,2024-06-29 16:00:00,2024-07-13 15:50:00,2.1082979759034632,3.3730699261466675,log1p_zscore
3,subnet_106__URLLC,URLLC,2024-06-29 16:00:00,2024-07-13 15:50:00,0.2877328854853748,1.2149638821968027,log1p_zscore
3,subnet_106__URLLC_eMBB_MIX,URLLC_eMBB_MIX,2024-06-29 16:00:00,2024-07-13 15:50:00,0.29848261704563367,1.2423087281104392,log1p_zscore
3,subnet_106__eMBB,eMBB,2024-06-29 16:00:00,2024-07-13 15:50:00,0.004895927215840582,0.2197720595416058,log1p_zscore
3,subnet_106__mMTC,mMTC,2024-06-29 16:00:00,2024-07-13 15:50:00,0.0903680396136508,0.7670943735670874,log1p_zscore
3,subnet_107__URLLC,URLLC,2024-06-29 16:00:00,2024-07-13 15:50:00,2.265991734860489,2.9229253133869735,log1p_zscore
3,subnet_107__URLLC_eMBB_MIX,URLLC_eMBB_MIX,2024-06-29 16:00:00,2024-07-13 15:50:00,1.0948285967663456,2.4198603279900968,log1p_zscore
3,subnet_107__eMBB,eMBB,2024-06-29 16:00:00,2024-07-13 15:50:00,0.21913546554597185,1.4054652340132263,log1p_zscore
3,subnet_107__mMTC,mMTC,2024-06-29 16:00:00,2024-07-13 15:50:00,4.3511377044464625,2.98326925226609,log1p_zscore
3,subnet_109__URLLC,URLLC,2024-06-29 16:00:00,2024-07-13 15:50:00,0.38113277729244643,2.10989743600179,log1p_zscore
3,subnet_109__URLLC_eMBB_MIX,URLLC_eMBB_MIX,2024-06-29 16:00:00,2024-07-13 15:50:00,0.1896566915013874,1.526939354452583,log1p_zscore
3,subnet_109__eMBB,eMBB,2024-06-29 16:00:00,2024-07-13 15:50:00,3.6087174764849106,5.797236442914162,log1p_zscore
3,subnet_109__mMTC,mMTC,2024-06-29 16:00:00,2024-07-13 15:50:00,0.19374908028321072,1.252216746395879,log1p_zscore
3,subnet_10__URLLC,URLLC,2024-06-29 16:00:00,2024-07-13 15:50:00,1.152368706891823,2.43567974405017,log1p_zscore
3,subnet_10__URLLC_eMBB_MIX,URLLC_eMBB_MIX,2024-06-29 16:00:00,2024-07-13 15:50:00,5.348997513696604,2.763462783722171,log1p_zscore
3,subnet_10__eMBB,eMBB,2024-06-29 16:00:00,2024-07-13 15:50:00,0.0,1.0,log1p_zscore
3,subnet_10__mMTC,mMTC,2024-06-29 16:00:00,2024-07-13 15:50:00,0.05672976464063819,0.572279559306194,log1p_zscore
3,subnet_113__URLLC,URLLC,2024-06-29 16:00:00,2024-07-13 15:50:00,2.343495788985487,2.749285070354173,log1p_zscore
3,subnet_113__URLLC_eMBB_MIX,URLLC_eMBB_MIX,2024-06-29 16:00:00,2024-07-13 15:50:00,2.066556301645483,2.783424212789869,log1p_zscore
3,subnet_113__eMBB,eMBB,2024-06-29 16:00:00,2024-07-13 15:50:00,0.0,1.0,log1p_zscore
3,subnet_113__mMTC,mMTC,2024-06-29 16:00:00,2024-07-13 15:50:00,0.05821939479922699,0.5827218426546498,log1p_zscore
3,subnet_116__URLLC,URLLC,2024-06-29 16:00:00,2024-07-13 15:50:00,0.2313794015452804,1.0874705634713835,log1p_zscore
3,subnet_116__URLLC_eMBB_MIX,URLLC_eMBB_MIX,2024-06-29 16:00:00,2024-07-13 15:50:00,1.36966422141008,3.5013219315224893,log1p_zscore
3,subnet_116__eMBB,eMBB,2024-06-29 16:00:00,2024-07-13 15:50:00,0.0,1.0,log1p_zscore
3,subnet_116__mMTC,mMTC,2024-06-29 16:00:00,2024-07-13 15:50:00,0.01859894019656715,0.31548875018852696,log1p_zscore
3,subnet_117__URLLC,URLLC,2024-06-29 16:00:00,2024-07-13 15:50:00,0.9588730763106995,2.190089223466158,log1p_zscore
3,subnet_117__URLLC_eMBB_MIX,URLLC_eMBB_MIX,2024-06-29 16:00:00,2024-07-13 15:50:00,0.32106034009687867,1.357911275337101,log1p_zscore
3,subnet_117__eMBB,eMBB,2024-06-29 16:00:00,2024-07-13 15:50:00,0.6032902610456222,2.564142740193449,log1p_zscore
3,subnet_117__mMTC,mMTC,2024-06-29 16:00:00,2024-07-13 15:50:00,3.9900714499110945,3.4878616017199238,log1p_zscore
3,subnet_124__URLLC,URLLC,2024-06-29 16:00:00,2024-07-13 15:50:00,2.8673591663995395,6.459568976072809,log1p_zscore
3,subnet_124__URLLC_eMBB_MIX,URLLC_eMBB_MIX,2024-06-29 16:00:00,2024-07-13 15:50:00,3.7800340038493565,7.433113178156102,log1p_zscore
3,subnet_124__eMBB,eMBB,2024-06-29 16:00:00,2024-07-13 15:50:00,10.902668819325614,8.542764308721875,log1p_zscore
3,subnet_126__URLLC,URLLC,2024-06-29 16:00:00,2024-07-13 15:50:00,4.740766120388739,5.287194778938683,log1p_zscore
3,subnet_126__URLLC_eMBB_MIX,URLLC_eMBB_MIX,2024-06-29 16:00:00,2024-07-13 15:50:00,5.7488914932632795,6.390433363489585,log1p_zscore
3,subnet_126__eMBB,eMBB,2024-06-29 16:00:00,2024-07-13 15:50:00,10.719553874615093,5.2668149468916665,log1p_zscore
3,subnet_126__mMTC,mMTC,2024-06-29 16:00:00,2024-07-13 15:50:00,7.7277287468587845,2.772505914535174,log1p_zscore
3,subnet_136__URLLC,URLLC,2024-06-29 16:00:00,2024-07-13 15:50:00,0.362892451888924,1.8644526220358142,log1p_zscore
3,subnet_136__URLLC_eMBB_MIX,URLLC_eMBB_MIX,2024-06-29 16:00:00,2024-07-13 15:50:00,0.6760507366939574,2.6902625091685635,log1p_zscore
3,subnet_136__eMBB,eMBB,2024-06-29 16:00:00,2024-07-13 15:50:00,4.328224536434763,5.922755863025594,log1p_zscore
3,subnet_136__mMTC,mMTC,2024-06-29 16:00:00,2024-07-13 15:50:00,2.1244707523079134,3.552152445601093,log1p_zscore
3,subnet_13__URLLC,URLLC,2024-06-29 16:00:00,2024-07-13 15:50:00,0.005004202493427364,0.15958160140098157,log1p_zscore
3,subnet_13__URLLC_eMBB_MIX,URLLC_eMBB_MIX,2024-06-29 16:00:00,2024-07-13 15:50:00,0.0,1.0,log1p_zscore
3,subnet_13__eMBB,eMBB,2024-06-29 16:00:00,2024-07-13 15:50:00,0.012972543968110069,0.4138321527507758,log1p_zscore
3,subnet_13__mMTC,mMTC,2024-06-29 16:00:00,2024-07-13 15:50:00,0.07576702916422749,0.7102535121691771,log1p_zscore
3,subnet_146__URLLC,URLLC,2024-06-29 16:00:00,2024-07-13 15:50:00,0.6624439140764736,1.8111245025192135,log1p_zscore
3,subnet_146__URLLC_eMBB_MIX,URLLC_eMBB_MIX,2024-06-29 16:00:00,2024-07-13 15:50:00,0.25326298968329136,1.2554059969441524,log1p_zscore
3,subnet_146__eMBB,eMBB,2024-06-29 16:00:00,2024-07-13 15:50:00,0.0,1.0,log1p_zscore
3,subnet_146__mMTC,mMTC,2024-06-29 16:00:00,2024-07-13 15:50:00,3.232786280435274,2.5899154780336677,log1p_zscore
3,subnet_147__URLLC,URLLC,2024-06-29 16:00:00,2024-07-13 15:50:00,3.08322222045671,4.592509828303105,log1p_zscore
3,subnet_147__URLLC_eMBB_MIX,URLLC_eMBB_MIX,2024-06-29 16:00:00,2024-07-13 15:50:00,1.7840852782331797,3.884231671051898,log1p_zscore
3,subnet_147__eMBB,eMBB,2024-06-29 16:00:00,2024-07-13 15:50:00,5.557444270655205,5.617831079359915,log1p_zscore
3,subnet_147__mMTC,mMTC,2024-06-29 16:00:00,2024-07-13 15:50:00,0.044886767106314535,0.6079991945495843,log1p_zscore
3,subnet_148__URLLC,URLLC,2024-06-29 16:00:00,2024-07-13 15:50:00,0.01970867302619649,0.3341500192039406,log1p_zscore
3,subnet_148__URLLC_eMBB_MIX,URLLC_eMBB_MIX,2024-06-29 16:00:00,2024-07-13 15:50:00,0.015656386059416456,0.28662822580551867,log1p_zscore
3,subnet_148__eMBB,eMBB,2024-06-29 16:00:00,2024-07-13 15:50:00,3.8864107612549814,5.195615435789328,log1p_zscore
3,subnet_148__mMTC,mMTC,2024-06-29 16:00:00,2024-07-13 15:50:00,0.5205347647661547,2.1261733608541,log1p_zscore
3,subnet_14__URLLC,URLLC,2024-06-29 16:00:00,2024-07-13 15:50:00,0.05025896411580829,0.518810918711712,log1p_zscore
3,subnet_14__URLLC_eMBB_MIX,URLLC_eMBB_MIX,2024-06-29 16:00:00,2024-07-13 15:50:00,0.0028942513576699427,0.12991932961099065,log1p_zscore
3,subnet_14__eMBB,eMBB,2024-06-29 16:00:00,2024-07-13 15:50:00,0.7469168168310808,2.6075290644682982,log1p_zscore
3,subnet_14__mMTC,mMTC,2024-06-29 16:00:00,2024-07-13 15:50:00,6.718545146402061,3.4487384564747963,log1p_zscore
3,subnet_158__URLLC,URLLC,2024-06-29 16:00:00,2024-07-13 15:50:00,0.459506851442199,1.7899375212980382,log1p_zscore
3,subnet_158__URLLC_eMBB_MIX,URLLC_eMBB_MIX,2024-06-29 16:00:00,2024-07-13 15:50:00,0.3778966224289973,1.664859139625483,log1p_zscore
3,subnet_158__eMBB,eMBB,2024-06-29 16:00:00,2024-07-13 15:50:00,2.9376912130918202,4.851479603457335,log1p_zscore
3,subnet_158__mMTC,mMTC,2024-06-29 16:00:00,2024-07-13 15:50:00,3.7955690550781775,4.351029541933422,log1p_zscore
3,subnet_163__URLLC,URLLC,2024-06-29 16:00:00,2024-07-13 15:50:00,0.0,1.0,log1p_zscore
3,subnet_163__URLLC_eMBB_MIX,URLLC_eMBB_MIX,2024-06-29 16:00:00,2024-07-13 15:50:00,10.322538048166592,0.4568889440047826,log1p_zscore
3,subnet_163__eMBB,eMBB,2024-06-29 16:00:00,2024-07-13 15:50:00,0.0,1.0,log1p_zscore
3,subnet_163__mMTC,mMTC,2024-06-29 16:00:00,2024-07-13 15:50:00,0.0,1.0,log1p_zscore
3,subnet_164__URLLC,URLLC,2024-06-29 16:00:00,2024-07-13 15:50:00,0.13352350565981796,0.8168912139937291,log1p_zscore
3,subnet_164__URLLC_eMBB_MIX,URLLC_eMBB_MIX,2024-06-29 16:00:00,2024-07-13 15:50:00,0.1513541263108819,0.9138371750211166,log1p_zscore
3,subnet_164__eMBB,eMBB,2024-06-29 16:00:00,2024-07-13 15:50:00,0.0,1.0,log1p_zscore
3,subnet_164__mMTC,mMTC,2024-06-29 16:00:00,2024-07-13 15:50:00,0.017169800230335448,0.3154726417833603,log1p_zscore
3,subnet_171__URLLC,URLLC,2024-06-29 16:00:00,2024-07-13 15:50:00,0.5044777125263249,2.9364382177120625,log1p_zscore
3,subnet_171__URLLC_eMBB_MIX,URLLC_eMBB_MIX,2024-06-29 16:00:00,2024-07-13 15:50:00,0.543244592202923,3.106534463428329,log1p_zscore
3,subnet_171__eMBB,eMBB,2024-06-29 16:00:00,2024-07-13 15:50:00,16.330354499633604,4.257365400360045,log1p_zscore
3,subnet_178__URLLC,URLLC,2024-06-29 16:00:00,2024-07-13 15:50:00,0.008394869238178186,0.21785850178472949,log1p_zscore
3,subnet_178__URLLC_eMBB_MIX,URLLC_eMBB_MIX,2024-06-29 16:00:00,2024-07-13 15:50:00,0.0031804654105703854,0.14276712107164874,log1p_zscore
3,subnet_178__eMBB,eMBB,2024-06-29 16:00:00,2024-07-13 15:50:00,0.0,1.0,log1p_zscore
3,subnet_178__mMTC,mMTC,2024-06-29 16:00:00,2024-07-13 15:50:00,0.16043423773654164,0.9650514538007036,log1p_zscore
3,subnet_179__URLLC,URLLC,2024-06-29 16:00:00,2024-07-13 15:50:00,0.0436458196862603,0.49033652420897844,log1p_zscore
3,subnet_179__URLLC_eMBB_MIX,URLLC_eMBB_MIX,2024-06-29 16:00:00,2024-07-13 15:50:00,0.003300031264560192,0.148134282964328,log1p_zscore
3,subnet_179__eMBB,eMBB,2024-06-29 16:00:00,2024-07-13 15:50:00,0.0,1.0,log1p_zscore
3,subnet_179__mMTC,mMTC,2024-06-29 16:00:00,2024-07-13 15:50:00,0.4048658520209021,1.364358793976749,log1p_zscore
3,subnet_17__URLLC,URLLC,2024-06-29 16:00:00,2024-07-13 15:50:00,8.860971731008231,3.2928436953006535,log1p_zscore
3,subnet_17__URLLC_eMBB_MIX,URLLC_eMBB_MIX,2024-06-29 16:00:00,2024-07-13 15:50:00,15.41442854364333,1.0497922257502064,log1p_zscore
3,subnet_17__eMBB,eMBB,2024-06-29 16:00:00,2024-07-13 15:50:00,12.055897547436222,3.8085745729515543,log1p_zscore
3,subnet_17__mMTC,mMTC,2024-06-29 16:00:00,2024-07-13 15:50:00,8.037107895544315,2.469598780830381,log1p_zscore
3,subnet_181__URLLC,URLLC,2024-06-29 16:00:00,2024-07-13 15:50:00,0.0,1.0,log1p_zscore
3,subnet_181__URLLC_eMBB_MIX,URLLC_eMBB_MIX,2024-06-29 16:00:00,2024-07-13 15:50:00,0.0,1.0,log1p_zscore
3,subnet_181__eMBB,eMBB,2024-06-29 16:00:00,2024-07-13 15:50:00,0.0,1.0,log1p_zscore
3,subnet_181__mMTC,mMTC,2024-06-29 16:00:00,2024-07-13 15:50:00,0.0048338389046450065,0.153607564616349,log1p_zscore
3,subnet_200__URLLC,URLLC,2024-06-29 16:00:00,2024-07-13 15:50:00,7.766953539845839,2.483321814694247,log1p_zscore
3,subnet_200__URLLC_eMBB_MIX,URLLC_eMBB_MIX,2024-06-29 16:00:00,2024-07-13 15:50:00,10.40614109164808,2.1844249450557935,log1p_zscore
3,subnet_200__eMBB,eMBB,2024-06-29 16:00:00,2024-07-13 15:50:00,13.3430497843269,1.9763997821878718,log1p_zscore
3,subnet_200__mMTC,mMTC,2024-06-29 16:00:00,2024-07-13 15:50:00,8.587223332596603,1.3165919855181452,log1p_zscore
3,subnet_202__URLLC,URLLC,2024-06-29 16:00:00,2024-07-13 15:50:00,7.465158701625858,3.153755388856873,log1p_zscore
3,subnet_202__URLLC_eMBB_MIX,URLLC_eMBB_MIX,2024-06-29 16:00:00,2024-07-13 15:50:00,11.514545892629597,1.2205757913951043,log1p_zscore
3,subnet_202__eMBB,eMBB,2024-06-29 16:00:00,2024-07-13 15:50:00,13.503718350743945,1.4109382686464254,log1p_zscore
3,subnet_202__mMTC,mMTC,2024-06-29 16:00:00,2024-07-13 15:50:00,8.939964988978948,1.1737753963688218,log1p_zscore
3,subnet_206__URLLC,URLLC,2024-06-29 16:00:00,2024-07-13 15:50:00,0.0,1.0,log1p_zscore
3,subnet_206__URLLC_eMBB_MIX,URLLC_eMBB_MIX,2024-06-29 16:00:00,2024-07-13 15:50:00,0.0,1.0,log1p_zscore
3,subnet_206__eMBB,eMBB,2024-06-29 16:00:00,2024-07-13 15:50:00,0.0,1.0,log1p_zscore
3,subnet_206__mMTC,mMTC,2024-06-29 16:00:00,2024-07-13 15:50:00,0.0,1.0,log1p_zscore
3,subnet_211__URLLC,URLLC,2024-06-29 16:00:00,2024-07-13 15:50:00,0.011645634190505136,0.2625916998764077,log1p_zscore
3,subnet_211__URLLC_eMBB_MIX,URLLC_eMBB_MIX,2024-06-29 16:00:00,2024-07-13 15:50:00,0.002511207853684011,0.11272498499478537,log1p_zscore
3,subnet_211__eMBB,eMBB,2024-06-29 16:00:00,2024-07-13 15:50:00,11.68331894958688,3.5885899266587633,log1p_zscore
3,subnet_211__mMTC,mMTC,2024-06-29 16:00:00,2024-07-13 15:50:00,0.9789557438029316,2.740574194593753,log1p_zscore
3,subnet_235__URLLC,URLLC,2024-06-29 16:00:00,2024-07-13 15:50:00,2.3554493120369897,3.315728076670935,log1p_zscore
3,subnet_235__URLLC_eMBB_MIX,URLLC_eMBB_MIX,2024-06-29 16:00:00,2024-07-13 15:50:00,2.612470458658646,3.290789047090047,log1p_zscore
3,subnet_235__eMBB,eMBB,2024-06-29 16:00:00,2024-07-13 15:50:00,6.710576684694942,5.904921407999595,log1p_zscore
3,subnet_235__mMTC,mMTC,2024-06-29 16:00:00,2024-07-13 15:50:00,7.735894173219715,1.3215938306473802,log1p_zscore
3,subnet_236__URLLC,URLLC,2024-06-29 16:00:00,2024-07-13 15:50:00,5.987063851818722,4.521910064858446,log1p_zscore
3,subnet_236__URLLC_eMBB_MIX,URLLC_eMBB_MIX,2024-06-29 16:00:00,2024-07-13 15:50:00,7.786989775778341,4.771914764894412,log1p_zscore
3,subnet_236__eMBB,eMBB,2024-06-29 16:00:00,2024-07-13 15:50:00,11.647096219751742,4.690821716778131,log1p_zscore
3,subnet_236__mMTC,mMTC,2024-06-29 16:00:00,2024-07-13 15:50:00,7.6605463487409065,2.6459832535830485,log1p_zscore
3,subnet_238__URLLC,URLLC,2024-06-29 16:00:00,2024-07-13 15:50:00,3.177627117235394,3.698770315778649,log1p_zscore
3,subnet_238__URLLC_eMBB_MIX,URLLC_eMBB_MIX,2024-06-29 16:00:00,2024-07-13 15:50:00,1.9581316114609433,4.121044297540304,log1p_zscore
3,subnet_238__eMBB,eMBB,2024-06-29 16:00:00,2024-07-13 15:50:00,5.520750378796758,5.9662237105057985,log1p_zscore
3,subnet_238__mMTC,mMTC,2024-06-29 16:00:00,2024-07-13 15:50:00,8.029148673966988,1.2692531424661027,log1p_zscore
3,subnet_241__URLLC,URLLC,2024-06-29 16:00:00,2024-07-13 15:50:00,5.3816641424126725,3.609735372558559,log1p_zscore
3,subnet_241__URLLC_eMBB_MIX,URLLC_eMBB_MIX,2024-06-29 16:00:00,2024-07-13 15:50:00,8.832103477633613,2.121960760982643,log1p_zscore
3,subnet_241__eMBB,eMBB,2024-06-29 16:00:00,2024-07-13 15:50:00,12.558317764768946,2.0448991250283046,log1p_zscore
3,subnet_241__mMTC,mMTC,2024-06-29 16:00:00,2024-07-13 15:50:00,7.0069310977413,2.2767271733328487,log1p_zscore
3,subnet_242__URLLC,URLLC,2024-06-29 16:00:00,2024-07-13 15:50:00,5.250236070573582,3.2340705060145116,log1p_zscore
3,subnet_242__URLLC_eMBB_MIX,URLLC_eMBB_MIX,2024-06-29 16:00:00,2024-07-13 15:50:00,6.299333479004395,3.665365261377424,log1p_zscore
3,subnet_242__eMBB,eMBB,2024-06-29 16:00:00,2024-07-13 15:50:00,6.684703886973767,5.589785899182954,log1p_zscore
3,subnet_242__mMTC,mMTC,2024-06-29 16:00:00,2024-07-13 15:50:00,7.3794199744981706,2.5651900840559243,log1p_zscore
3,subnet_244__URLLC,URLLC,2024-06-29 16:00:00,2024-07-13 15:50:00,0.0037020650027381054,0.16618107548172883,log1p_zscore
3,subnet_244__URLLC_eMBB_MIX,URLLC_eMBB_MIX,2024-06-29 16:00:00,2024-07-13 15:50:00,0.0,1.0,log1p_zscore
3,subnet_244__eMBB,eMBB,2024-06-29 16:00:00,2024-07-13 15:50:00,0.01725537712742055,0.45285370236403494,log1p_zscore
3,subnet_244__mMTC,mMTC,2024-06-29 16:00:00,2024-07-13 15:50:00,0.610635722092715,2.0701640739101976,log1p_zscore
3,subnet_249__eMBB,eMBB,2024-06-29 16:00:00,2024-07-13 15:50:00,20.420911903041826,1.5979811894162432,log1p_zscore
3,subnet_250__URLLC,URLLC,2024-06-29 16:00:00,2024-07-13 15:50:00,1.4149802880635691,3.4183174700511607,log1p_zscore
3,subnet_250__URLLC_eMBB_MIX,URLLC_eMBB_MIX,2024-06-29 16:00:00,2024-07-13 15:50:00,1.2077646188276443,3.6078455675003855,log1p_zscore
3,subnet_250__eMBB,eMBB,2024-06-29 16:00:00,2024-07-13 15:50:00,9.799434013595178,4.586481650151331,log1p_zscore
3,subnet_250__mMTC,mMTC,2024-06-29 16:00:00,2024-07-13 15:50:00,8.631347313692281,1.9795889091224514,log1p_zscore
3,subnet_261__URLLC,URLLC,2024-06-29 16:00:00,2024-07-13 15:50:00,1.8937806038934608,2.738635371926993,log1p_zscore
3,subnet_261__URLLC_eMBB_MIX,URLLC_eMBB_MIX,2024-06-29 16:00:00,2024-07-13 15:50:00,3.691795472289007,3.1635713786352513,log1p_zscore
3,subnet_261__eMBB,eMBB,2024-06-29 16:00:00,2024-07-13 15:50:00,0.05543391870057497,0.7517770822806645,log1p_zscore
3,subnet_261__mMTC,mMTC,2024-06-29 16:00:00,2024-07-13 15:50:00,0.20065908610310218,1.08440979425249,log1p_zscore
3,subnet_263__URLLC,URLLC,2024-06-29 16:00:00,2024-07-13 15:50:00,3.9276963716931146,3.755861885330024,log1p_zscore
3,subnet_263__URLLC_eMBB_MIX,URLLC_eMBB_MIX,2024-06-29 16:00:00,2024-07-13 15:50:00,14.522911820725684,2.675022163862163,log1p_zscore
3,subnet_263__eMBB,eMBB,2024-06-29 16:00:00,2024-07-13 15:50:00,5.2002892513221,5.81866504329882,log1p_zscore
3,subnet_263__mMTC,mMTC,2024-06-29 16:00:00,2024-07-13 15:50:00,4.0057218093773415,3.8170320722099023,log1p_zscore
3,subnet_271__URLLC,URLLC,2024-06-29 16:00:00,2024-07-13 15:50:00,0.054579500776033386,0.6007606385887908,log1p_zscore
3,subnet_271__URLLC_eMBB_MIX,URLLC_eMBB_MIX,2024-06-29 16:00:00,2024-07-13 15:50:00,0.0169222994102928,0.3147321134517496,log1p_zscore
3,subnet_271__eMBB,eMBB,2024-06-29 16:00:00,2024-07-13 15:50:00,3.419328122603373,4.829233306113875,log1p_zscore
3,subnet_271__mMTC,mMTC,2024-06-29 16:00:00,2024-07-13 15:50:00,3.4160876303396557,4.012462861144416,log1p_zscore
3,subnet_272__URLLC,URLLC,2024-06-29 16:00:00,2024-07-13 15:50:00,0.056652042965942416,0.8078877127134361,log1p_zscore
3,subnet_272__URLLC_eMBB_MIX,URLLC_eMBB_MIX,2024-06-29 16:00:00,2024-07-13 15:50:00,0.046516528425239984,0.7525240561466974,log1p_zscore
3,subnet_272__eMBB,eMBB,2024-06-29 16:00:00,2024-07-13 15:50:00,0.4289166998226557,2.292105474773897,log1p_zscore
3,subnet_272__mMTC,mMTC,2024-06-29 16:00:00,2024-07-13 15:50:00,0.011663583507581394,0.2711311329574191,log1p_zscore
3,subnet_273__URLLC,URLLC,2024-06-29 16:00:00,2024-07-13 15:50:00,0.022255683645417162,0.35745862903800696,log1p_zscore
3,subnet_273__URLLC_eMBB_MIX,URLLC_eMBB_MIX,2024-06-29 16:00:00,2024-07-13 15:50:00,0.016158323319374144,0.2974879873946736,log1p_zscore
3,subnet_273__eMBB,eMBB,2024-06-29 16:00:00,2024-07-13 15:50:00,1.1114577105317098,3.4887171899959086,log1p_zscore
3,subnet_273__mMTC,mMTC,2024-06-29 16:00:00,2024-07-13 15:50:00,0.2632546702306265,1.4643830394547497,log1p_zscore
3,subnet_278__URLLC,URLLC,2024-06-29 16:00:00,2024-07-13 15:50:00,0.2674383093932684,1.4438391711101985,log1p_zscore
3,subnet_278__URLLC_eMBB_MIX,URLLC_eMBB_MIX,2024-06-29 16:00:00,2024-07-13 15:50:00,0.0,1.0,log1p_zscore
3,subnet_278__eMBB,eMBB,2024-06-29 16:00:00,2024-07-13 15:50:00,6.462599260722782,4.363775365069845,log1p_zscore
3,subnet_278__mMTC,mMTC,2024-06-29 16:00:00,2024-07-13 15:50:00,1.8588724962402245,3.317832941719018,log1p_zscore
3,subnet_281__URLLC,URLLC,2024-06-29 16:00:00,2024-07-13 15:50:00,0.3231937649867839,1.4193058780787997,log1p_zscore
3,subnet_281__URLLC_eMBB_MIX,URLLC_eMBB_MIX,2024-06-29 16:00:00,2024-07-13 15:50:00,6.840200619730384,1.7795328870213747,log1p_zscore
3,subnet_281__eMBB,eMBB,2024-06-29 16:00:00,2024-07-13 15:50:00,0.0,1.0,log1p_zscore
3,subnet_281__mMTC,mMTC,2024-06-29 16:00:00,2024-07-13 15:50:00,0.01131065798397443,0.25449461364952053,log1p_zscore
3,subnet_302__URLLC,URLLC,2024-06-29 16:00:00,2024-07-13 15:50:00,0.02285828902963571,0.4326358134373397,log1p_zscore
3,subnet_302__URLLC_eMBB_MIX,URLLC_eMBB_MIX,2024-06-29 16:00:00,2024-07-13 15:50:00,0.049155960004234216,0.7400595619649021,log1p_zscore
3,subnet_302__eMBB,eMBB,2024-06-29 16:00:00,2024-07-13 15:50:00,0.1818207361985786,1.4503950631936207,log1p_zscore
3,subnet_302__mMTC,mMTC,2024-06-29 16:00:00,2024-07-13 15:50:00,0.15897280426858182,1.1004355131464003,log1p_zscore
3,subnet_310__URLLC,URLLC,2024-06-29 16:00:00,2024-07-13 15:50:00,0.7019879791480295,1.8861233098083727,log1p_zscore
3,subnet_310__URLLC_eMBB_MIX,URLLC_eMBB_MIX,2024-06-29 16:00:00,2024-07-13 15:50:00,0.4404531576961935,1.6143272078485114,log1p_zscore
3,subnet_310__eMBB,eMBB,2024-06-29 16:00:00,2024-07-13 15:50:00,1.4319542792191757,3.476189327994049,log1p_zscore
3,subnet_310__mMTC,mMTC,2024-06-29 16:00:00,2024-07-13 15:50:00,3.3715931691675984,3.545738272712333,log1p_zscore
3,subnet_316__URLLC,URLLC,2024-06-29 16:00:00,2024-07-13 15:50:00,0.3002493942187137,1.820379521723509,log1p_zscore
3,subnet_316__URLLC_eMBB_MIX,URLLC_eMBB_MIX,2024-06-29 16:00:00,2024-07-13 15:50:00,0.2220001102132972,1.5542964747993993,log1p_zscore
3,subnet_316__eMBB,eMBB,2024-06-29 16:00:00,2024-07-13 15:50:00,3.0931831368973874,5.112268719688767,log1p_zscore
3,subnet_316__mMTC,mMTC,2024-06-29 16:00:00,2024-07-13 15:50:00,3.7117623934440043,4.341022849923612,log1p_zscore
3,subnet_322__URLLC,URLLC,2024-06-29 16:00:00,2024-07-13 15:50:00,0.3367851757367482,1.314561121416771,log1p_zscore
3,subnet_322__URLLC_eMBB_MIX,URLLC_eMBB_MIX,2024-06-29 16:00:00,2024-07-13 15:50:00,0.060870591024429516,0.611327601778707,log1p_zscore
3,subnet_322__eMBB,eMBB,2024-06-29 16:00:00,2024-07-13 15:50:00,0.0,1.0,log1p_zscore
3,subnet_322__mMTC,mMTC,2024-06-29 16:00:00,2024-07-13 15:50:00,3.140218865771518,2.5644950897075334,log1p_zscore
3,subnet_324__URLLC,URLLC,2024-06-29 16:00:00,2024-07-13 15:50:00,0.38145796466462445,2.133188196919472,log1p_zscore
3,subnet_324__URLLC_eMBB_MIX,URLLC_eMBB_MIX,2024-06-29 16:00:00,2024-07-13 15:50:00,0.030063821911944545,0.577738704556469,log1p_zscore
3,subnet_324__eMBB,eMBB,2024-06-29 16:00:00,2024-07-13 15:50:00,12.278735070887587,2.5895035146523333,log1p_zscore
3,subnet_324__mMTC,mMTC,2024-06-29 16:00:00,2024-07-13 15:50:00,0.009084932986869477,0.2897669140283904,log1p_zscore
3,subnet_32__URLLC,URLLC,2024-06-29 16:00:00,2024-07-13 15:50:00,0.39298017599574214,1.4419900758900241,log1p_zscore
3,subnet_32__URLLC_eMBB_MIX,URLLC_eMBB_MIX,2024-06-29 16:00:00,2024-07-13 15:50:00,0.14407346044148392,0.9312504921166881,log1p_zscore
3,subnet_32__eMBB,eMBB,2024-06-29 16:00:00,2024-07-13 15:50:00,6.160258987944491,5.935212325827518,log1p_zscore
3,subnet_32__mMTC,mMTC,2024-06-29 16:00:00,2024-07-13 15:50:00,2.201796641118096,3.346321473287845,log1p_zscore
3,subnet_330__URLLC,URLLC,2024-06-29 16:00:00,2024-07-13 15:50:00,0.039048276416838924,0.7151429395152017,log1p_zscore
3,subnet_330__URLLC_eMBB_MIX,URLLC_eMBB_MIX,2024-06-29 16:00:00,2024-07-13 15:50:00,0.08848346302244249,1.260018194871465,log1p_zscore
3,subnet_330__eMBB,eMBB,2024-06-29 16:00:00,2024-07-13 15:50:00,12.8414153651867,1.6358016274691125,log1p_zscore
3,subnet_330__mMTC,mMTC,2024-06-29 16:00:00,2024-07-13 15:50:00,0.0,1.0,log1p_zscore
3,subnet_332__URLLC,URLLC,2024-06-29 16:00:00,2024-07-13 15:50:00,1.6032624913943128,3.870253224041762,log1p_zscore
3,subnet_332__URLLC_eMBB_MIX,URLLC_eMBB_MIX,2024-06-29 16:00:00,2024-07-13 15:50:00,0.23969034635448266,1.8003168835212036,log1p_zscore
3,subnet_332__eMBB,eMBB,2024-06-29 16:00:00,2024-07-13 15:50:00,10.460128797642392,4.993731662996383,log1p_zscore
3,subnet_332__mMTC,mMTC,2024-06-29 16:00:00,2024-07-13 15:50:00,0.0,1.0,log1p_zscore
3,subnet_336__URLLC,URLLC,2024-06-29 16:00:00,2024-07-13 15:50:00,0.026187495819238345,0.4158009407258496,log1p_zscore
3,subnet_336__URLLC_eMBB_MIX,URLLC_eMBB_MIX,2024-06-29 16:00:00,2024-07-13 15:50:00,0.0,1.0,log1p_zscore
3,subnet_336__eMBB,eMBB,2024-06-29 16:00:00,2024-07-13 15:50:00,0.008394781250151456,0.266403067903107,log1p_zscore
3,subnet_336__mMTC,mMTC,2024-06-29 16:00:00,2024-07-13 15:50:00,0.48489852458280736,1.661910935175546,log1p_zscore
3,subnet_337__URLLC,URLLC,2024-06-29 16:00:00,2024-07-13 15:50:00,0.0,1.0,log1p_zscore
3,subnet_337__URLLC_eMBB_MIX,URLLC_eMBB_MIX,2024-06-29 16:00:00,2024-07-13 15:50:00,0.0,1.0,log1p_zscore
3,subnet_337__eMBB,eMBB,2024-06-29 16:00:00,2024-07-13 15:50:00,0.0,1.0,log1p_zscore
3,subnet_337__mMTC,mMTC,2024-06-29 16:00:00,2024-07-13 15:50:00,0.0,1.0,log1p_zscore
3,subnet_342__URLLC,URLLC,2024-06-29 16:00:00,2024-07-13 15:50:00,0.0091309996921852,0.23691182724294063,log1p_zscore
3,subnet_342__URLLC_eMBB_MIX,URLLC_eMBB_MIX,2024-06-29 16:00:00,2024-07-13 15:50:00,0.0,1.0,log1p_zscore
3,subnet_342__eMBB,eMBB,2024-06-29 16:00:00,2024-07-13 15:50:00,2.627747063709323,4.7102038028067055,log1p_zscore
3,subnet_342__mMTC,mMTC,2024-06-29 16:00:00,2024-07-13 15:50:00,3.4715151003723386,4.4875882181797975,log1p_zscore
3,subnet_356__URLLC,URLLC,2024-06-29 16:00:00,2024-07-13 15:50:00,1.4524009960786055,3.9808802711877442,log1p_zscore
3,subnet_356__URLLC_eMBB_MIX,URLLC_eMBB_MIX,2024-06-29 16:00:00,2024-07-13 15:50:00,1.2259118338559367,4.141354989535484,log1p_zscore
3,subnet_356__eMBB,eMBB,2024-06-29 16:00:00,2024-07-13 15:50:00,8.114406752660074,5.741717916279921,log1p_zscore
3,subnet_356__mMTC,mMTC,2024-06-29 16:00:00,2024-07-13 15:50:00,0.5988638152143044,2.178563724697435,log1p_zscore
3,subnet_36__URLLC,URLLC,2024-06-29 16:00:00,2024-07-13 15:50:00,0.01603052831881642,0.2938558359188195,log1p_zscore
3,subnet_36__URLLC_eMBB_MIX,URLLC_eMBB_MIX,2024-06-29 16:00:00,2024-07-13 15:50:00,0.0,1.0,log1p_zscore
3,subnet_36__eMBB,eMBB,2024-06-29 16:00:00,2024-07-13 15:50:00,0.006894630919187471,0.30949137315329,log1p_zscore
3,subnet_36__mMTC,mMTC,2024-06-29 16:00:00,2024-07-13 15:50:00,0.14978733610795675,1.0000824380748634,log1p_zscore
3,subnet_373__URLLC,URLLC,2024-06-29 16:00:00,2024-07-13 15:50:00,0.04093223481733996,0.8219085452537533,log1p_zscore
3,subnet_373__URLLC_eMBB_MIX,URLLC_eMBB_MIX,2024-06-29 16:00:00,2024-07-13 15:50:00,0.1687775368740634,1.7320584940147836,log1p_zscore
3,subnet_373__eMBB,eMBB,2024-06-29 16:00:00,2024-07-13 15:50:00,13.34597662027353,2.4764810901889542,log1p_zscore
3,subnet_373__mMTC,mMTC,2024-06-29 16:00:00,2024-07-13 15:50:00,0.0,1.0,log1p_zscore
3,subnet_38__URLLC,URLLC,2024-06-29 16:00:00,2024-07-13 15:50:00,0.5096299073466208,1.6516748679838613,log1p_zscore
3,subnet_38__URLLC_eMBB_MIX,URLLC_eMBB_MIX,2024-06-29 16:00:00,2024-07-13 15:50:00,0.35544086767592464,1.416651042333294,log1p_zscore
3,subnet_38__eMBB,eMBB,2024-06-29 16:00:00,2024-07-13 15:50:00,0.6373267600748536,2.4197574027566406,log1p_zscore
3,subnet_38__mMTC,mMTC,2024-06-29 16:00:00,2024-07-13 15:50:00,2.5499741488613465,3.8208044730721378,log1p_zscore
3,subnet_415__URLLC,URLLC,2024-06-29 16:00:00,2024-07-13 15:50:00,0.9359147363170682,2.111247099669757,log1p_zscore
3,subnet_415__URLLC_eMBB_MIX,URLLC_eMBB_MIX,2024-06-29 16:00:00,2024-07-13 15:50:00,1.6169901802004492,2.6539813552794715,log1p_zscore
3,subnet_415__eMBB,eMBB,2024-06-29 16:00:00,2024-07-13 15:50:00,0.16755978813792743,1.2659031054273358,log1p_zscore
3,subnet_415__mMTC,mMTC,2024-06-29 16:00:00,2024-07-13 15:50:00,0.6964799653141805,2.240857144239342,log1p_zscore
3,subnet_418__URLLC,URLLC,2024-06-29 16:00:00,2024-07-13 15:50:00,0.3309313533300983,1.3081829969325234,log1p_zscore
3,subnet_418__URLLC_eMBB_MIX,URLLC_eMBB_MIX,2024-06-29 16:00:00,2024-07-13 15:50:00,0.5497483850169096,1.7513763062201186,log1p_zscore
3,subnet_418__eMBB,eMBB,2024-06-29 16:00:00,2024-07-13 15:50:00,0.0,1.0,log1p_zscore
3,subnet_418__mMTC,mMTC,2024-06-29 16:00:00,2024-07-13 15:50:00,0.025337487502069753,0.37910964127333974,log1p_zscore
3,subnet_419__URLLC,URLLC,2024-06-29 16:00:00,2024-07-13 15:50:00,0.3399263409942464,1.421290584055004,log1p_zscore
3,subnet_419__URLLC_eMBB_MIX,URLLC_eMBB_MIX,2024-06-29 16:00:00,2024-07-13 15:50:00,0.24214902867097274,1.2138773821161046,log1p_zscore
3,subnet_419__eMBB,eMBB,2024-06-29 16:00:00,2024-07-13 15:50:00,0.7496671527507903,2.640033788846693,log1p_zscore
3,subnet_419__mMTC,mMTC,2024-06-29 16:00:00,2024-07-13 15:50:00,3.2226793392581055,3.92432669778699,log1p_zscore
3,subnet_438__URLLC,URLLC,2024-06-29 16:00:00,2024-07-13 15:50:00,0.23645604967420866,1.112451143672788,log1p_zscore
3,subnet_438__URLLC_eMBB_MIX,URLLC_eMBB_MIX,2024-06-29 16:00:00,2024-07-13 15:50:00,0.03630845595752712,0.4737903470369257,log1p_zscore
3,subnet_438__eMBB,eMBB,2024-06-29 16:00:00,2024-07-13 15:50:00,0.0,1.0,log1p_zscore
3,subnet_438__mMTC,mMTC,2024-06-29 16:00:00,2024-07-13 15:50:00,2.608584359649502,2.58173866900058,log1p_zscore
3,subnet_449__URLLC,URLLC,2024-06-29 16:00:00,2024-07-13 15:50:00,0.0,1.0,log1p_zscore
3,subnet_449__URLLC_eMBB_MIX,URLLC_eMBB_MIX,2024-06-29 16:00:00,2024-07-13 15:50:00,0.0,1.0,log1p_zscore
3,subnet_449__mMTC,mMTC,2024-06-29 16:00:00,2024-07-13 15:50:00,0.00794303507551874,0.20600159568950957,log1p_zscore
3,subnet_454__URLLC,URLLC,2024-06-29 16:00:00,2024-07-13 15:50:00,0.128169113454459,0.8351063755567176,log1p_zscore
3,subnet_454__URLLC_eMBB_MIX,URLLC_eMBB_MIX,2024-06-29 16:00:00,2024-07-13 15:50:00,0.19630534123731852,1.0961934685066896,log1p_zscore
3,subnet_454__eMBB,eMBB,2024-06-29 16:00:00,2024-07-13 15:50:00,0.028416079780791467,0.5216191484421061,log1p_zscore
3,subnet_454__mMTC,mMTC,2024-06-29 16:00:00,2024-07-13 15:50:00,0.4602452026723386,1.7826748566556474,log1p_zscore
3,subnet_477__URLLC,URLLC,2024-06-29 16:00:00,2024-07-13 15:50:00,2.6321441384331146,5.145390897891794,log1p_zscore
3,subnet_477__URLLC_eMBB_MIX,URLLC_eMBB_MIX,2024-06-29 16:00:00,2024-07-13 15:50:00,2.6959956089248602,5.693799301574676,log1p_zscore
3,subnet_477__eMBB,eMBB,2024-06-29 16:00:00,2024-07-13 15:50:00,8.42812119472284,7.199566766687917,log1p_zscore
3,subnet_477__mMTC,mMTC,2024-06-29 16:00:00,2024-07-13 15:50:00,0.011844998477486251,0.30692142779695963,log1p_zscore
3,subnet_4__URLLC,URLLC,2024-06-29 16:00:00,2024-07-13 15:50:00,0.1829171000774854,0.9992569230481709,log1p_zscore
3,subnet_4__URLLC_eMBB_MIX,URLLC_eMBB_MIX,2024-06-29 16:00:00,2024-07-13 15:50:00,0.32566359882002077,1.362048445418576,log1p_zscore
3,subnet_4__mMTC,mMTC,2024-06-29 16:00:00,2024-07-13 15:50:00,0.01078344705580454,0.2423395388144014,log1p_zscore
3,subnet_522__URLLC,URLLC,2024-06-29 16:00:00,2024-07-13 15:50:00,0.9638258521093287,2.1558260197955574,log1p_zscore
3,subnet_522__URLLC_eMBB_MIX,URLLC_eMBB_MIX,2024-06-29 16:00:00,2024-07-13 15:50:00,1.2519823623818869,2.6099060337353794,log1p_zscore
3,subnet_522__eMBB,eMBB,2024-06-29 16:00:00,2024-07-13 15:50:00,0.0,1.0,log1p_zscore
3,subnet_522__mMTC,mMTC,2024-06-29 16:00:00,2024-07-13 15:50:00,1.9956775484827696,2.55357131255362,log1p_zscore
3,subnet_65__URLLC,URLLC,2024-06-29 16:00:00,2024-07-13 15:50:00,0.09117285563724446,0.7592084722942966,log1p_zscore
3,subnet_65__URLLC_eMBB_MIX,URLLC_eMBB_MIX,2024-06-29 16:00:00,2024-07-13 15:50:00,0.02259072049108005,0.3839447533756442,log1p_zscore
3,subnet_65__eMBB,eMBB,2024-06-29 16:00:00,2024-07-13 15:50:00,0.11212417741858785,0.982518149193564,log1p_zscore
3,subnet_65__mMTC,mMTC,2024-06-29 16:00:00,2024-07-13 15:50:00,3.777409494480651,3.735671428094694,log1p_zscore
3,subnet_66__URLLC,URLLC,2024-06-29 16:00:00,2024-07-13 15:50:00,0.12085290669001549,0.8939252410158639,log1p_zscore
3,subnet_66__URLLC_eMBB_MIX,URLLC_eMBB_MIX,2024-06-29 16:00:00,2024-07-13 15:50:00,0.010244895106532667,0.26570502771542537,log1p_zscore
3,subnet_66__eMBB,eMBB,2024-06-29 16:00:00,2024-07-13 15:50:00,0.2586343250966806,1.4650905732956314,log1p_zscore
3,subnet_66__mMTC,mMTC,2024-06-29 16:00:00,2024-07-13 15:50:00,4.035594231047497,3.4681344933908655,log1p_zscore
3,subnet_67__URLLC,URLLC,2024-06-29 16:00:00,2024-07-13 15:50:00,0.16426708676869076,1.027551947612826,log1p_zscore
3,subnet_67__URLLC_eMBB_MIX,URLLC_eMBB_MIX,2024-06-29 16:00:00,2024-07-13 15:50:00,0.017126908366905166,0.31778443181060617,log1p_zscore
3,subnet_67__eMBB,eMBB,2024-06-29 16:00:00,2024-07-13 15:50:00,0.29521154510254616,1.5572536700031878,log1p_zscore
3,subnet_67__mMTC,mMTC,2024-06-29 16:00:00,2024-07-13 15:50:00,3.902465850536942,3.4876302283134635,log1p_zscore
3,subnet_6__URLLC,URLLC,2024-06-29 16:00:00,2024-07-13 15:50:00,3.153370372782694,4.127070968325896,log1p_zscore
3,subnet_6__URLLC_eMBB_MIX,URLLC_eMBB_MIX,2024-06-29 16:00:00,2024-07-13 15:50:00,4.155997734192231,4.039339245229553,log1p_zscore
3,subnet_6__eMBB,eMBB,2024-06-29 16:00:00,2024-07-13 15:50:00,9.388810776484938,6.46813609766623,log1p_zscore
3,subnet_6__mMTC,mMTC,2024-06-29 16:00:00,2024-07-13 15:50:00,7.226157111370719,3.240966761796077,log1p_zscore
3,subnet_70__URLLC,URLLC,2024-06-29 16:00:00,2024-07-13 15:50:00,2.806856452288033,3.0852550220086825,log1p_zscore
3,subnet_70__URLLC_eMBB_MIX,URLLC_eMBB_MIX,2024-06-29 16:00:00,2024-07-13 15:50:00,1.7776486303127639,2.8322861330288536,log1p_zscore
3,subnet_70__eMBB,eMBB,2024-06-29 16:00:00,2024-07-13 15:50:00,0.5448112460603626,2.2086777010454433,log1p_zscore
3,subnet_70__mMTC,mMTC,2024-06-29 16:00:00,2024-07-13 15:50:00,5.204800072929952,2.5951243704473534,log1p_zscore
3,subnet_7__URLLC,URLLC,2024-06-29 16:00:00,2024-07-13 15:50:00,0.32322079258443037,1.2635190003115029,log1p_zscore
3,subnet_7__URLLC_eMBB_MIX,URLLC_eMBB_MIX,2024-06-29 16:00:00,2024-07-13 15:50:00,0.33605565698844786,1.3711303452931207,log1p_zscore
3,subnet_7__mMTC,mMTC,2024-06-29 16:00:00,2024-07-13 15:50:00,0.026691611079551494,0.37854762955009164,log1p_zscore
3,subnet_85__URLLC,URLLC,2024-06-29 16:00:00,2024-07-13 15:50:00,0.0,1.0,log1p_zscore
3,subnet_85__URLLC_eMBB_MIX,URLLC_eMBB_MIX,2024-06-29 16:00:00,2024-07-13 15:50:00,0.0,1.0,log1p_zscore
3,subnet_85__eMBB,eMBB,2024-06-29 16:00:00,2024-07-13 15:50:00,0.0,1.0,log1p_zscore
3,subnet_85__mMTC,mMTC,2024-06-29 16:00:00,2024-07-13 15:50:00,0.0,1.0,log1p_zscore
3,subnet_87__URLLC,URLLC,2024-06-29 16:00:00,2024-07-13 15:50:00,0.8806160270300496,2.086809400186816,log1p_zscore
3,subnet_87__URLLC_eMBB_MIX,URLLC_eMBB_MIX,2024-06-29 16:00:00,2024-07-13 15:50:00,0.4482167300496131,1.5624998240920005,log1p_zscore
3,subnet_87__eMBB,eMBB,2024-06-29 16:00:00,2024-07-13 15:50:00,0.7999047945978939,2.674143308410723,log1p_zscore
3,subnet_87__mMTC,mMTC,2024-06-29 16:00:00,2024-07-13 15:50:00,3.6105769685619404,3.523906405506057,log1p_zscore
4,subnet_0__URLLC,URLLC,2024-06-30 16:00:00,2024-07-14 15:50:00,1.6169768008478433,3.352035694081888,log1p_zscore
4,subnet_0__URLLC_eMBB_MIX,URLLC_eMBB_MIX,2024-06-30 16:00:00,2024-07-14 15:50:00,10.550940941136806,1.0466669117641707,log1p_zscore
4,subnet_0__eMBB,eMBB,2024-06-30 16:00:00,2024-07-14 15:50:00,6.3910168865482655,5.503912387251571,log1p_zscore
4,subnet_0__mMTC,mMTC,2024-06-30 16:00:00,2024-07-14 15:50:00,2.074363475994206,3.3540953696830975,log1p_zscore
4,subnet_106__URLLC,URLLC,2024-06-30 16:00:00,2024-07-14 15:50:00,0.2849422049847112,1.208905819101501,log1p_zscore
4,subnet_106__URLLC_eMBB_MIX,URLLC_eMBB_MIX,2024-06-30 16:00:00,2024-07-14 15:50:00,0.31185306280900643,1.274874406202408,log1p_zscore
4,subnet_106__eMBB,eMBB,2024-06-30 16:00:00,2024-07-14 15:50:00,0.004895927215840582,0.21977205954160578,log1p_zscore
4,subnet_106__mMTC,mMTC,2024-06-30 16:00:00,2024-07-14 15:50:00,0.07407035345457387,0.6752268207806683,log1p_zscore
4,subnet_107__URLLC,URLLC,2024-06-30 16:00:00,2024-07-14 15:50:00,2.2363382542600063,2.925015357630378,log1p_zscore
4,subnet_107__URLLC_eMBB_MIX,URLLC_eMBB_MIX,2024-06-30 16:00:00,2024-07-14 15:50:00,1.0500000536645677,2.3829060553863837,log1p_zscore
4,subnet_107__eMBB,eMBB,2024-06-30 16:00:00,2024-07-14 15:50:00,0.2330458379349279,1.4488921965573567,log1p_zscore
4,subnet_107__mMTC,mMTC,2024-06-30 16:00:00,2024-07-14 15:50:00,4.366205675142219,2.9659399983698957,log1p_zscore
4,subnet_109__URLLC,URLLC,2024-06-30 16:00:00,2024-07-14 15:50:00,0.4282656369936471,2.2322575785411036,log1p_zscore
4,subnet_109__URLLC_eMBB_MIX,URLLC_eMBB_MIX,2024-06-30 16:00:00,2024-07-14 15:50:00,0.2034790957452055,1.586913120699543,log1p_zscore
4,subnet_109__eMBB,eMBB,2024-06-30 16:00:00,2024-07-14 15:50:00,3.5600152105940053,5.768381582160443,log1p_zscore
4,subnet_109__mMTC,mMTC,2024-06-30 16:00:00,2024-07-14 15:50:00,0.20463034856254259,1.2838681436304678,log1p_zscore
4,subnet_10__URLLC,URLLC,2024-06-30 16:00:00,2024-07-14 15:50:00,1.1318067438341886,2.4243179462841775,log1p_zscore
4,subnet_10__URLLC_eMBB_MIX,URLLC_eMBB_MIX,2024-06-30 16:00:00,2024-07-14 15:50:00,5.419989505092793,2.732530909605888,log1p_zscore
4,subnet_10__eMBB,eMBB,2024-06-30 16:00:00,2024-07-14 15:50:00,0.0,1.0,log1p_zscore
4,subnet_10__mMTC,mMTC,2024-06-30 16:00:00,2024-07-14 15:50:00,0.049159476030183835,0.5382292423808707,log1p_zscore
4,subnet_113__URLLC,URLLC,2024-06-30 16:00:00,2024-07-14 15:50:00,2.395122904765549,2.7620983794970275,log1p_zscore
4,subnet_113__URLLC_eMBB_MIX,URLLC_eMBB_MIX,2024-06-30 16:00:00,2024-07-14 15:50:00,2.0758307293317153,2.7894075653913073,log1p_zscore
4,subnet_113__eMBB,eMBB,2024-06-30 16:00:00,2024-07-14 15:50:00,0.0,1.0,log1p_zscore
4,subnet_113__mMTC,mMTC,2024-06-30 16:00:00,2024-07-14 15:50:00,0.058110148374794335,0.5816155270514424,log1p_zscore
4,subnet_116__URLLC,URLLC,2024-06-30 16:00:00,2024-07-14 15:50:00,0.23466490381041083,1.0963830611212393,log1p_zscore
4,subnet_116__URLLC_eMBB_MIX,URLLC_eMBB_MIX,2024-06-30 16:00:00,2024-07-14 15:50:00,1.4169107921395356,3.5903328073821177,log1p_zscore
4,subnet_116__eMBB,eMBB,2024-06-30 16:00:00,2024-07-14 15:50:00,0.0,1.0,log1p_zscore
4,subnet_116__mMTC,mMTC,2024-06-30 16:00:00,2024-07-14 15:50:00,0.01859894019656715,0.31548875018852696,log1p_zscore
4,subnet_117__URLLC,URLLC,2024-06-30 16:00:00,2024-07-14 15:50:00,0.9151539760779809,2.144323210555937,log1p_zscore
4,subnet_117__URLLC_eMBB_MIX,URLLC_eMBB_MIX,2024-06-30 16:00:00,2024-07-14 15:50:00,0.292625121297814,1.293657995159369,log1p_zscore
4,subnet_117__eMBB,eMBB,2024-06-30 16:00:00,2024-07-14 15:50:00,0.5981462355975564,2.5558811194227533,log1p_zscore
4,subnet_117__mMTC,mMTC,2024-06-30 16:00:00,2024-07-14 15:50:00,4.027669275811148,3.4685144982675484,log1p_zscore
4,subnet_124__URLLC,URLLC,2024-06-30 16:00:00,2024-07-14 15:50:00,2.9383113826921274,6.515644950584719,log1p_zscore
4,subnet_124__URLLC_eMBB_MIX,URLLC_eMBB_MIX,2024-06-30 16:00:00,2024-07-14 15:50:00,3.7166457528500203,7.3773047095794935,log1p_zscore
4,subnet_124__eMBB,eMBB,2024-06-30 16:00:00,2024-07-14 15:50:00,10.86394992614591,8.54236223322357,log1p_zscore
4,subnet_126__URLLC,URLLC,2024-06-30 16:00:00,2024-07-14 15:50:00,4.69785997912313,5.2877982807191914,log1p_zscore
4,subnet_126__URLLC_eMBB_MIX,URLLC_eMBB_MIX,2024-06-30 16:00:00,2024-07-14 15:50:00,5.602485532768102,6.363229290201987,log1p_zscore
4,subnet_126__eMBB,eMBB,2024-06-30 16:00:00,2024-07-14 15:50:00,10.715507037703635,5.374748883053525,log1p_zscore
4,subnet_126__mMTC,mMTC,2024-06-30 16:00:00,2024-07-14 15:50:00,7.790021638871331,2.7248491064085596,log1p_zscore
4,subnet_136__URLLC,URLLC,2024-06-30 16:00:00,2024-07-14 15:50:00,0.38688607187125235,1.926504814206288,log1p_zscore
4,subnet_136__URLLC_eMBB_MIX,URLLC_eMBB_MIX,2024-06-30 16:00:00,2024-07-14 15:50:00,0.7198841108334767,2.772364930923506,log1p_zscore
4,subnet_136__eMBB,eMBB,2024-06-30 16:00:00,2024-07-14 15:50:00,4.282159718000033,5.911888378713473,log1p_zscore
4,subnet_136__mMTC,mMTC,2024-06-30 16:00:00,2024-07-14 15:50:00,2.171193530894871,3.572257085524163,log1p_zscore
4,subnet_13__URLLC,URLLC,2024-06-30 16:00:00,2024-07-14 15:50:00,0.005576523279258416,0.17697745335949858,log1p_zscore
4,subnet_13__URLLC_eMBB_MIX,URLLC_eMBB_MIX,2024-06-30 16:00:00,2024-07-14 15:50:00,0.0,1.0,log1p_zscore
4,subnet_13__eMBB,eMBB,2024-06-30 16:00:00,2024-07-14 15:50:00,0.012972543968110069,0.41383215275077573,log1p_zscore
4,subnet_13__mMTC,mMTC,2024-06-30 16:00:00,2024-07-14 15:50:00,0.07370460493778715,0.6892371208268954,log1p_zscore
4,subnet_146__URLLC,URLLC,2024-06-30 16:00:00,2024-07-14 15:50:00,0.6629863103613108,1.8121550081807973,log1p_zscore
4,subnet_146__URLLC_eMBB_MIX,URLLC_eMBB_MIX,2024-06-30 16:00:00,2024-07-14 15:50:00,0.241772347144248,1.2237861038790647,log1p_zscore
4,subnet_146__eMBB,eMBB,2024-06-30 16:00:00,2024-07-14 15:50:00,0.0,1.0,log1p_zscore
4,subnet_146__mMTC,mMTC,2024-06-30 16:00:00,2024-07-14 15:50:00,3.271666202962317,2.5988126500845845,log1p_zscore
4,subnet_147__URLLC,URLLC,2024-06-30 16:00:00,2024-07-14 15:50:00,3.0660033391432093,4.582070896155969,log1p_zscore
4,subnet_147__URLLC_eMBB_MIX,URLLC_eMBB_MIX,2024-06-30 16:00:00,2024-07-14 15:50:00,1.7782444507437172,3.8828461069386875,log1p_zscore
4,subnet_147__eMBB,eMBB,2024-06-30 16:00:00,2024-07-14 15:50:00,5.572818441826871,5.5996223285461,log1p_zscore
4,subnet_147__mMTC,mMTC,2024-06-30 16:00:00,2024-07-14 15:50:00,0.040773772510556236,0.5795784892723913,log1p_zscore
4,subnet_148__URLLC,URLLC,2024-06-30 16:00:00,2024-07-14 15:50:00,0.019708673026196492,0.3341500192039406,log1p_zscore
4,subnet_148__URLLC_eMBB_MIX,URLLC_eMBB_MIX,2024-06-30 16:00:00,2024-07-14 15:50:00,0.018151642964869052,0.30760951719890245,log1p_zscore
4,subnet_148__eMBB,eMBB,2024-06-30 16:00:00,2024-07-14 15:50:00,3.8275611766630337,5.169767611001333,log1p_zscore
4,subnet_148__mMTC,mMTC,2024-06-30 16:00:00,2024-07-14 15:50:00,0.5389597143916445,2.1616561622961217,log1p_zscore
4,subnet_14__URLLC,URLLC,2024-06-30 16:00:00,2024-07-14 15:50:00,0.05926604511562815,0.5687893404681319,log1p_zscore
4,subnet_14__URLLC_eMBB_MIX,URLLC_eMBB_MIX,2024-06-30 16:00:00,2024-07-14 15:50:00,0.0059617855297619485,0.189266885796336,log1p_zscore
4,subnet_14__eMBB,eMBB,2024-06-30 16:00:00,2024-07-14 15:50:00,0.7231466357809871,2.570411095993304,log1p_zscore
4,subnet_14__mMTC,mMTC,2024-06-30 16:00:00,2024-07-14 15:50:00,6.6934128517651725,3.4441196166192003,log1p_zscore
4,subnet_158__URLLC,URLLC,2024-06-30 16:00:00,2024-07-14 15:50:00,0.4536840924711442,1.782130643563779,log1p_zscore
4,subnet_158__URLLC_eMBB_MIX,URLLC_eMBB_MIX,2024-06-30 16:00:00,2024-07-14 15:50:00,0.3642195608830646,1.628045407998474,log1p_zscore
4,subnet_158__eMBB,eMBB,2024-06-30 16:00:00,2024-07-14 15:50:00,2.991667181367643,4.885985439249291,log1p_zscore
4,subnet_158__mMTC,mMTC,2024-06-30 16:00:00,2024-07-14 15:50:00,3.8094416702176956,4.356893952205073,log1p_zscore
4,subnet_163__URLLC,URLLC,2024-06-30 16:00:00,2024-07-14 15:50:00,0.0,1.0,log1p_zscore
4,subnet_163__URLLC_eMBB_MIX,URLLC_eMBB_MIX,2024-06-30 16:00:00,2024-07-14 15:50:00,10.311350309817398,0.45340769790681035,log1p_zscore
4,subnet_163__eMBB,eMBB,2024-06-30 16:00:00,2024-07-14 15:50:00,0.0,1.0,log1p_zscore
4,subnet_163__mMTC,mMTC,2024-06-30 16:00:00,2024-07-14 15:50:00,0.0,1.0,log1p_zscore
4,subnet_164__URLLC,URLLC,2024-06-30 16:00:00,2024-07-14 15:50:00,0.13609863228066738,0.8245845421971847,log1p_zscore
4,subnet_164__URLLC_eMBB_MIX,URLLC_eMBB_MIX,2024-06-30 16:00:00,2024-07-14 15:50:00,0.14874987185095132,0.9053119826046325,log1p_zscore
4,subnet_164__eMBB,eMBB,2024-06-30 16:00:00,2024-07-14 15:50:00,0.0,1.0,log1p_zscore
4,subnet_164__mMTC,mMTC,2024-06-30 16:00:00,2024-07-14 15:50:00,0.01682734937365536,0.3094151725485638,log1p_zscore
4,subnet_171__URLLC,URLLC,2024-06-30 16:00:00,2024-07-14 15:50:00,0.4786903163987621,2.864329715639737,log1p_zscore
4,subnet_171__URLLC_eMBB_MIX,URLLC_eMBB_MIX,2024-06-30 16:00:00,2024-07-14 15:50:00,0.5604632946727499,3.151511193781791,log1p_zscore
4,subnet_171__eMBB,eMBB,2024-06-30 16:00:00,2024-07-14 15:50:00,16.34835905205133,4.248959527343164,log1p_zscore
4,subnet_178__URLLC,URLLC,2024-06-30 16:00:00,2024-07-14 15:50:00,0.008394869238178186,0.21785850178472949,log1p_zscore
4,subnet_178__URLLC_eMBB_MIX,URLLC_eMBB_MIX,2024-06-30 16:00:00,2024-07-14 15:50:00,0.0,1.0,log1p_zscore
4,subnet_178__eMBB,eMBB,2024-06-30 16:00:00,2024-07-14 15:50:00,0.0,1.0,log1p_zscore
4,subnet_178__mMTC,mMTC,2024-06-30 16:00:00,2024-07-14 15:50:00,0.16778955789499106,0.9920916956562538,log1p_zscore
4,subnet_179__URLLC,URLLC,2024-06-30 16:00:00,2024-07-14 15:50:00,0.04870234411439249,0.5155830933443364,log1p_zscore
4,subnet_179__URLLC_eMBB_MIX,URLLC_eMBB_MIX,2024-06-30 16:00:00,2024-07-14 15:50:00,0.003300031264560192,0.148134282964328,log1p_zscore
4,subnet_179__eMBB,eMBB,2024-06-30 16:00:00,2024-07-14 15:50:00,0.0,1.0,log1p_zscore
4,subnet_179__mMTC,mMTC,2024-06-30 16:00:00,2024-07-14 15:50:00,0.45533258813695204,1.450347801075257,log1p_zscore
4,subnet_17__URLLC,URLLC,2024-06-30 16:00:00,2024-07-14 15:50:00,8.828721739562893,3.274751514734814,log1p_zscore
4,subnet_17__URLLC_eMBB_MIX,URLLC_eMBB_MIX,2024-06-30 16:00:00,2024-07-14 15:50:00,15.44509008116672,1.1037371253746349,log1p_zscore
4,subnet_17__eMBB,eMBB,2024-06-30 16:00:00,2024-07-14 15:50:00,11.957930690523105,3.897010281112283,log1p_zscore
4,subnet_17__mMTC,mMTC,2024-06-30 16:00:00,2024-07-14 15:50:00,8.065974416326851,2.442541074773106,log1p_zscore
4,subnet_181__URLLC,URLLC,2024-06-30 16:00:00,2024-07-14 15:50:00,0.0,1.0,log1p_zscore
4,subnet_181__URLLC_eMBB_MIX,URLLC_eMBB_MIX,2024-06-30 16:00:00,2024-07-14 15:50:00,0.0,1.0,log1p_zscore
4,subnet_181__eMBB,eMBB,2024-06-30 16:00:00,2024-07-14 15:50:00,0.0,1.0,log1p_zscore
4,subnet_181__mMTC,mMTC,2024-06-30 16:00:00,2024-07-14 15:50:00,0.0048338389046450065,0.15360756461634897,log1p_zscore
4,subnet_200__URLLC,URLLC,2024-06-30 16:00:00,2024-07-14 15:50:00,7.726889333841652,2.456146826240593,log1p_zscore
4,subnet_200__URLLC_eMBB_MIX,URLLC_eMBB_MIX,2024-06-30 16:00:00,2024-07-14 15:50:00,10.414780070327746,2.1890730351100967,log1p_zscore
4,subnet_200__eMBB,eMBB,2024-06-30 16:00:00,2024-07-14 15:50:00,13.316027104630631,2.105156576245958,log1p_zscore
4,subnet_200__mMTC,mMTC,2024-06-30 16:00:00,2024-07-14 15:50:00,8.604201653837686,1.3039371372461617,log1p_zscore
4,subnet_202__URLLC,URLLC,2024-06-30 16:00:00,2024-07-14 15:50:00,7.465248161914591,3.135712263910779,log1p_zscore
4,subnet_202__URLLC_eMBB_MIX,URLLC_eMBB_MIX,2024-06-30 16:00:00,2024-07-14 15:50:00,11.565414150101727,1.23224825583773,log1p_zscore
4,subnet_202__eMBB,eMBB,2024-06-30 16:00:00,2024-07-14 15:50:00,13.462262552226944,1.4011198996309353,log1p_zscore
4,subnet_202__mMTC,mMTC,2024-06-30 16:00:00,2024-07-14 15:50:00,8.951130450546959,1.1615464594350333,log1p_zscore
4,subnet_206__URLLC,URLLC,2024-06-30 16:00:00,2024-07-14 15:50:00,0.0,1.0,log1p_zscore
4,subnet_206__URLLC_eMBB_MIX,URLLC_eMBB_MIX,2024-06-30 16:00:00,2024-07-14 15:50:00,0.0,1.0,log1p_zscore
4,subnet_206__eMBB,eMBB,2024-06-30 16:00:00,2024-07-14 15:50:00,0.0,1.0,log1p_zscore
4,subnet_206__mMTC,mMTC,2024-06-30 16:00:00,2024-07-14 15:50:00,0.0,1.0,log1p_zscore
4,subnet_211__URLLC,URLLC,2024-06-30 16:00:00,2024-07-14 15:50:00,0.015365036904179234,0.3110356791082494,log1p_zscore
4,subnet_211__URLLC_eMBB_MIX,URLLC_eMBB_MIX,2024-06-30 16:00:00,2024-07-14 15:50:00,0.002511207853684011,0.11272498499478537,log1p_zscore
4,subnet_211__eMBB,eMBB,2024-06-30 16:00:00,2024-07-14 15:50:00,11.604494326197688,3.6351178893749063,log1p_zscore
4,subnet_211__mMTC,mMTC,2024-06-30 16:00:00,2024-07-14 15:50:00,0.9688127104570937,2.7314599538409183,log1p_zscore
4,subnet_235__URLLC,URLLC,2024-06-30 16:00:00,2024-07-14 15:50:00,2.4078232783586637,3.328559601499052,log1p_zscore
4,subnet_235__URLLC_eMBB_MIX,URLLC_eMBB_MIX,2024-06-30 16:00:00,2024-07-14 15:50:00,2.6214453937576425,3.3295486356753417,log1p_zscore
4,subnet_235__eMBB,eMBB,2024-06-30 16:00:00,2024-07-14 15:50:00,6.936458671044838,5.958579035596393,log1p_zscore
4,subnet_235__mMTC,mMTC,2024-06-30 16:00:00,2024-07-14 15:50:00,7.780597483915578,1.2789135469480857,log1p_zscore
4,subnet_236__URLLC,URLLC,2024-06-30 16:00:00,2024-07-14 15:50:00,6.130687026086379,4.556877611367463,log1p_zscore
4,subnet_236__URLLC_eMBB_MIX,URLLC_eMBB_MIX,2024-06-30 16:00:00,2024-07-14 15:50:00,7.850892359896171,4.821117446063403,log1p_zscore
4,subnet_236__eMBB,eMBB,2024-06-30 16:00:00,2024-07-14 15:50:00,11.81630952621442,4.578624324731545,log1p_zscore
4,subnet_236__mMTC,mMTC,2024-06-30 16:00:00,2024-07-14 15:50:00,7.684515310124385,2.6088003891797125,log1p_zscore
4,subnet_238__URLLC,URLLC,2024-06-30 16:00:00,2024-07-14 15:50:00,3.110154455691123,3.6977215055203514,log1p_zscore
4,subnet_238__URLLC_eMBB_MIX,URLLC_eMBB_MIX,2024-06-30 16:00:00,2024-07-14 15:50:00,1.923641021247776,4.100483732518523,log1p_zscore
4,subnet_238__eMBB,eMBB,2024-06-30 16:00:00,2024-07-14 15:50:00,5.470515596544924,5.959585477335099,log1p_zscore
4,subnet_238__mMTC,mMTC,2024-06-30 16:00:00,2024-07-14 15:50:00,8.055151650361347,1.2651761844144596,log1p_zscore
4,subnet_241__URLLC,URLLC,2024-06-30 16:00:00,2024-07-14 15:50:00,5.348303478755242,3.6294462802591045,log1p_zscore
4,subnet_241__URLLC_eMBB_MIX,URLLC_eMBB_MIX,2024-06-30 16:00:00,2024-07-14 15:50:00,9.029487104648336,2.140870652346484,log1p_zscore
4,subnet_241__eMBB,eMBB,2024-06-30 16:00:00,2024-07-14 15:50:00,12.551751972671473,2.0615108927428594,log1p_zscore
4,subnet_241__mMTC,mMTC,2024-06-30 16:00:00,2024-07-14 15:50:00,7.0192163036588555,2.2563410573883034,log1p_zscore
4,subnet_242__URLLC,URLLC,2024-06-30 16:00:00,2024-07-14 15:50:00,5.345075507156023,3.1949179274250183,log1p_zscore
4,subnet_242__URLLC_eMBB_MIX,URLLC_eMBB_MIX,2024-06-30 16:00:00,2024-07-14 15:50:00,6.317543325761929,3.6831255772196343,log1p_zscore
4,subnet_242__eMBB,eMBB,2024-06-30 16:00:00,2024-07-14 15:50:00,6.701080037083282,5.604183207443931,log1p_zscore
4,subnet_242__mMTC,mMTC,2024-06-30 16:00:00,2024-07-14 15:50:00,7.420064688233083,2.5059909032317123,log1p_zscore
4,subnet_244__URLLC,URLLC,2024-06-30 16:00:00,2024-07-14 15:50:00,0.0037020650027381054,0.1661810754817288,log1p_zscore
4,subnet_244__URLLC_eMBB_MIX,URLLC_eMBB_MIX,2024-06-30 16:00:00,2024-07-14 15:50:00,0.0,1.0,log1p_zscore
4,subnet_244__eMBB,eMBB,2024-06-30 16:00:00,2024-07-14 15:50:00,0.01725537712742055,0.4528537023640349,log1p_zscore
4,subnet_244__mMTC,mMTC,2024-06-30 16:00:00,2024-07-14 15:50:00,0.6594726802308639,2.1439377435406306,log1p_zscore
4,subnet_249__eMBB,eMBB,2024-06-30 16:00:00,2024-07-14 15:50:00,20.368902087579592,1.6118289300547113,log1p_zscore
4,subnet_250__URLLC,URLLC,2024-06-30 16:00:00,2024-07-14 15:50:00,1.4081158539571212,3.4015483126452124,log1p_zscore
4,subnet_250__URLLC_eMBB_MIX,URLLC_eMBB_MIX,2024-06-30 16:00:00,2024-07-14 15:50:00,1.225299096665506,3.616134837846042,log1p_zscore
4,subnet_250__eMBB,eMBB,2024-06-30 16:00:00,2024-07-14 15:50:00,9.7564435155023,4.614954544728013,log1p_zscore
4,subnet_250__mMTC,mMTC,2024-06-30 16:00:00,2024-07-14 15:50:00,8.620515387517834,1.9813114597048354,log1p_zscore
4,subnet_261__URLLC,URLLC,2024-06-30 16:00:00,2024-07-14 15:50:00,1.9657866266286463,2.77339720652047,log1p_zscore
4,subnet_261__URLLC_eMBB_MIX,URLLC_eMBB_MIX,2024-06-30 16:00:00,2024-07-14 15:50:00,3.6647688103803207,3.166365567187991,log1p_zscore
4,subnet_261__eMBB,eMBB,2024-06-30 16:00:00,2024-07-14 15:50:00,0.05543391870057497,0.7517770822806645,log1p_zscore
4,subnet_261__mMTC,mMTC,2024-06-30 16:00:00,2024-07-14 15:50:00,0.20872280445053376,1.1123442165877007,log1p_zscore
4,subnet_263__URLLC,URLLC,2024-06-30 16:00:00,2024-07-14 15:50:00,3.978207012906663,3.723033199876443,log1p_zscore
4,subnet_263__URLLC_eMBB_MIX,URLLC_eMBB_MIX,2024-06-30 16:00:00,2024-07-14 15:50:00,14.534193692477986,2.6636678102366096,log1p_zscore
4,subnet_263__eMBB,eMBB,2024-06-30 16:00:00,2024-07-14 15:50:00,4.752095250208561,5.718024788601503,log1p_zscore
4,subnet_263__mMTC,mMTC,2024-06-30 16:00:00,2024-07-14 15:50:00,3.9804513966974784,3.8086504711305977,log1p_zscore
4,subnet_271__URLLC,URLLC,2024-06-30 16:00:00,2024-07-14 15:50:00,0.05497127829626915,0.6041619966026169,log1p_zscore
4,subnet_271__URLLC_eMBB_MIX,URLLC_eMBB_MIX,2024-06-30 16:00:00,2024-07-14 15:50:00,0.0169222994102928,0.3147321134517496,log1p_zscore
4,subnet_271__eMBB,eMBB,2024-06-30 16:00:00,2024-07-14 15:50:00,3.4444007925531506,4.8324920804879605,log1p_zscore
4,subnet_271__mMTC,mMTC,2024-06-30 16:00:00,2024-07-14 15:50:00,3.416097423225075,4.01611083125004,log1p_zscore
4,subnet_272__URLLC,URLLC,2024-06-30 16:00:00,2024-07-14 15:50:00,0.056652042965942416,0.807887712713436,log1p_zscore
4,subnet_272__URLLC_eMBB_MIX,URLLC_eMBB_MIX,2024-06-30 16:00:00,2024-07-14 15:50:00,0.04651652842523998,0.7525240561466974,log1p_zscore
4,subnet_272__eMBB,eMBB,2024-06-30 16:00:00,2024-07-14 15:50:00,0.4289166998226557,2.2921054747738965,log1p_zscore
4,subnet_272__mMTC,mMTC,2024-06-30 16:00:00,2024-07-14 15:50:00,0.011663583507581392,0.2711311329574191,log1p_zscore
4,subnet_273__URLLC,URLLC,2024-06-30 16:00:00,2024-07-14 15:50:00,0.024942241384605865,0.3770948660148183,log1p_zscore
4,subnet_273__URLLC_eMBB_MIX,URLLC_eMBB_MIX,2024-06-30 16:00:00,2024-07-14 15:50:00,0.016094291721917748,0.2960541345481172,log1p_zscore
4,subnet_273__eMBB,eMBB,2024-06-30 16:00:00,2024-07-14 15:50:00,1.352281817586437,3.8074913733026694,log1p_zscore
4,subnet_273__mMTC,mMTC,2024-06-30 16:00:00,2024-07-14 15:50:00,0.2797179736113461,1.5077691844714654,log1p_zscore
4,subnet_278__URLLC,URLLC,2024-06-30 16:00:00,2024-07-14 15:50:00,0.26739176464568487,1.4435892842446456,log1p_zscore
4,subnet_278__URLLC_eMBB_MIX,URLLC_eMBB_MIX,2024-06-30 16:00:00,2024-07-14 15:50:00,0.0,1.0,log1p_zscore
4,subnet_278__eMBB,eMBB,2024-06-30 16:00:00,2024-07-14 15:50:00,6.489341890553992,4.4048313560205905,log1p_zscore
4,subnet_278__mMTC,mMTC,2024-06-30 16:00:00,2024-07-14 15:50:00,1.8632061230318693,3.321051504304115,log1p_zscore
4,subnet_281__URLLC,URLLC,2024-06-30 16:00:00,2024-07-14 15:50:00,0.3302181603611319,1.435122562580731,log1p_zscore
4,subnet_281__URLLC_eMBB_MIX,URLLC_eMBB_MIX,2024-06-30 16:00:00,2024-07-14 15:50:00,6.832102957108195,1.7918153221005177,log1p_zscore
4,subnet_281__eMBB,eMBB,2024-06-30 16:00:00,2024-07-14 15:50:00,0.0,1.0,log1p_zscore
4,subnet_281__mMTC,mMTC,2024-06-30 16:00:00,2024-07-14 15:50:00,0.01131065798397443,0.2544946136495205,log1p_zscore
4,subnet_302__URLLC,URLLC,2024-06-30 16:00:00,2024-07-14 15:50:00,0.022858289029635707,0.4326358134373397,log1p_zscore
4,subnet_302__URLLC_eMBB_MIX,URLLC_eMBB_MIX,2024-06-30 16:00:00,2024-07-14 15:50:00,0.04915596000423421,0.7400595619649021,log1p_zscore
4,subnet_302__eMBB,eMBB,2024-06-30 16:00:00,2024-07-14 15:50:00,0.1818207361985786,1.4503950631936209,log1p_zscore
4,subnet_302__mMTC,mMTC,2024-06-30 16:00:00,2024-07-14 15:50:00,0.15897280426858187,1.1004355131464003,log1p_zscore
4,subnet_310__URLLC,URLLC,2024-06-30 16:00:00,2024-07-14 15:50:00,0.7022135160795986,1.8866361109921768,log1p_zscore
4,subnet_310__URLLC_eMBB_MIX,URLLC_eMBB_MIX,2024-06-30 16:00:00,2024-07-14 15:50:00,0.4202752842514416,1.5761925665333345,log1p_zscore
4,subnet_310__eMBB,eMBB,2024-06-30 16:00:00,2024-07-14 15:50:00,1.4388199497117873,3.4861309882624107,log1p_zscore
4,subnet_310__mMTC,mMTC,2024-06-30 16:00:00,2024-07-14 15:50:00,3.3952482728977547,3.5503909847053787,log1p_zscore
4,subnet_316__URLLC,URLLC,2024-06-30 16:00:00,2024-07-14 15:50:00,0.3002493942187137,1.820379521723509,log1p_zscore
4,subnet_316__URLLC_eMBB_MIX,URLLC_eMBB_MIX,2024-06-30 16:00:00,2024-07-14 15:50:00,0.22200011021329719,1.5542964747993993,log1p_zscore
4,subnet_316__eMBB,eMBB,2024-06-30 16:00:00,2024-07-14 15:50:00,3.0962700524998685,5.118217665729812,log1p_zscore
4,subnet_316__mMTC,mMTC,2024-06-30 16:00:00,2024-07-14 15:50:00,3.743981669021883,4.3414176754558955,log1p_zscore
4,subnet_322__URLLC,URLLC,2024-06-30 16:00:00,2024-07-14 15:50:00,0.3302188785226865,1.306484074685961,log1p_zscore
4,subnet_322__URLLC_eMBB_MIX,URLLC_eMBB_MIX,2024-06-30 16:00:00,2024-07-14 15:50:00,0.05440942021425,0.5765068418622281,log1p_zscore
4,subnet_322__eMBB,eMBB,2024-06-30 16:00:00,2024-07-14 15:50:00,0.0,1.0,log1p_zscore
4,subnet_322__mMTC,mMTC,2024-06-30 16:00:00,2024-07-14 15:50:00,3.1712637525286542,2.558528927660078,log1p_zscore
4,subnet_324__URLLC,URLLC,2024-06-30 16:00:00,2024-07-14 15:50:00,0.39294064283989816,2.162072739887201,log1p_zscore
4,subnet_324__URLLC_eMBB_MIX,URLLC_eMBB_MIX,2024-06-30 16:00:00,2024-07-14 15:50:00,0.03006382191194454,0.577738704556469,log1p_zscore
4,subnet_324__eMBB,eMBB,2024-06-30 16:00:00,2024-07-14 15:50:00,12.235765391170903,2.622156392197544,log1p_zscore
4,subnet_324__mMTC,mMTC,2024-06-30 16:00:00,2024-07-14 15:50:00,0.009084932986869477,0.28976691402839055,log1p_zscore
4,subnet_32__URLLC,URLLC,2024-06-30 16:00:00,2024-07-14 15:50:00,0.3870195260932904,1.4314078357055549,log1p_zscore
4,subnet_32__URLLC_eMBB_MIX,URLLC_eMBB_MIX,2024-06-30 16:00:00,2024-07-14 15:50:00,0.13128380961383795,0.8871365788602881,log1p_zscore
4,subnet_32__eMBB,eMBB,2024-06-30 16:00:00,2024-07-14 15:50:00,6.159029106238385,5.928496013137832,log1p_zscore
4,subnet_32__mMTC,mMTC,2024-06-30 16:00:00,2024-07-14 15:50:00,2.2090051563065445,3.329490172612701,log1p_zscore
4,subnet_330__URLLC,URLLC,2024-06-30 16:00:00,2024-07-14 15:50:00,0.05924532535819381,0.8852294962204265,log1p_zscore
4,subnet_330__URLLC_eMBB_MIX,URLLC_eMBB_MIX,2024-06-30 16:00:00,2024-07-14 15:50:00,0.08848346302244249,1.2600181948714653,log1p_zscore
4,subnet_330__eMBB,eMBB,2024-06-30 16:00:00,2024-07-14 15:50:00,12.84278132264414,1.70946180583526,log1p_zscore
4,subnet_330__mMTC,mMTC,2024-06-30 16:00:00,2024-07-14 15:50:00,0.0,1.0,log1p_zscore
4,subnet_332__URLLC,URLLC,2024-06-30 16:00:00,2024-07-14 15:50:00,1.8580207962782815,4.088598328438068,log1p_zscore
4,subnet_332__URLLC_eMBB_MIX,URLLC_eMBB_MIX,2024-06-30 16:00:00,2024-07-14 15:50:00,0.2522485792427742,1.8448749037983274,log1p_zscore
4,subnet_332__eMBB,eMBB,2024-06-30 16:00:00,2024-07-14 15:50:00,10.14346332835791,5.255104655434548,log1p_zscore
4,subnet_332__mMTC,mMTC,2024-06-30 16:00:00,2024-07-14 15:50:00,0.0,1.0,log1p_zscore
4,subnet_336__URLLC,URLLC,2024-06-30 16:00:00,2024-07-14 15:50:00,0.026187495819238342,0.4158009407258496,log1p_zscore
4,subnet_336__URLLC_eMBB_MIX,URLLC_eMBB_MIX,2024-06-30 16:00:00,2024-07-14 15:50:00,0.0,1.0,log1p_zscore
4,subnet_336__eMBB,eMBB,2024-06-30 16:00:00,2024-07-14 15:50:00,0.008394781250151456,0.266403067903107,log1p_zscore
4,subnet_336__mMTC,mMTC,2024-06-30 16:00:00,2024-07-14 15:50:00,0.44643526882842527,1.602046987662123,log1p_zscore
4,subnet_337__URLLC,URLLC,2024-06-30 16:00:00,2024-07-14 15:50:00,0.0,1.0,log1p_zscore
4,subnet_337__URLLC_eMBB_MIX,URLLC_eMBB_MIX,2024-06-30 16:00:00,2024-07-14 15:50:00,0.0,1.0,log1p_zscore
4,subnet_337__eMBB,eMBB,2024-06-30 16:00:00,2024-07-14 15:50:00,0.0,1.0,log1p_zscore
4,subnet_337__mMTC,mMTC,2024-06-30 16:00:00,2024-07-14 15:50:00,0.0,1.0,log1p_zscore
4,subnet_342__URLLC,URLLC,2024-06-30 16:00:00,2024-07-14 15:50:00,0.0091309996921852,0.23691182724294066,log1p_zscore
4,subnet_342__URLLC_eMBB_MIX,URLLC_eMBB_MIX,2024-06-30 16:00:00,2024-07-14 15:50:00,0.0,1.0,log1p_zscore
4,subnet_342__eMBB,eMBB,2024-06-30 16:00:00,2024-07-14 15:50:00,2.6568819483462836,4.7242581357191495,log1p_zscore
4,subnet_342__mMTC,mMTC,2024-06-30 16:00:00,2024-07-14 15:50:00,3.464166429973474,4.486881918989783,log1p_zscore
4,subnet_356__URLLC,URLLC,2024-06-30 16:00:00,2024-07-14 15:50:00,1.4397392994349711,3.971435277619879,log1p_zscore
4,subnet_356__URLLC_eMBB_MIX,URLLC_eMBB_MIX,2024-06-30 16:00:00,2024-07-14 15:50:00,1.2325970695962676,4.1491007621328935,log1p_zscore
4,subnet_356__eMBB,eMBB,2024-06-30 16:00:00,2024-07-14 15:50:00,8.174120801394233,5.713403203035379,log1p_zscore
4,subnet_356__mMTC,mMTC,2024-06-30 16:00:00,2024-07-14 15:50:00,0.5819962165743113,2.149405979793659,log1p_zscore
4,subnet_36__URLLC,URLLC,2024-06-30 16:00:00,2024-07-14 15:50:00,0.013339580889510167,0.26801498170767296,log1p_zscore
4,subnet_36__URLLC_eMBB_MIX,URLLC_eMBB_MIX,2024-06-30 16:00:00,2024-07-14 15:50:00,0.0,1.0,log1p_zscore
4,subnet_36__eMBB,eMBB,2024-06-30 16:00:00,2024-07-14 15:50:00,0.006894630919187471,0.30949137315329,log1p_zscore
4,subnet_36__mMTC,mMTC,2024-06-30 16:00:00,2024-07-14 15:50:00,0.12666733597400234,0.9228235788375009,log1p_zscore
4,subnet_373__URLLC,URLLC,2024-06-30 16:00:00,2024-07-14 15:50:00,0.04093223481733996,0.8219085452537533,log1p_zscore
4,subnet_373__URLLC_eMBB_MIX,URLLC_eMBB_MIX,2024-06-30 16:00:00,2024-07-14 15:50:00,0.16877753687406338,1.7320584940147836,log1p_zscore
4,subnet_373__eMBB,eMBB,2024-06-30 16:00:00,2024-07-14 15:50:00,13.3216932729352,2.4845108687975386,log1p_zscore
4,subnet_373__mMTC,mMTC,2024-06-30 16:00:00,2024-07-14 15:50:00,0.0,1.0,log1p_zscore
4,subnet_38__URLLC,URLLC,2024-06-30 16:00:00,2024-07-14 15:50:00,0.49200375540686436,1.607341487483822,log1p_zscore
4,subnet_38__URLLC_eMBB_MIX,URLLC_eMBB_MIX,2024-06-30 16:00:00,2024-07-14 15:50:00,0.32416213671629024,1.3516609063946985,log1p_zscore
4,subnet_38__eMBB,eMBB,2024-06-30 16:00:00,2024-07-14 15:50:00,0.6513886815924316,2.4434746013302924,log1p_zscore
4,subnet_38__mMTC,mMTC,2024-06-30 16:00:00,2024-07-14 15:50:00,2.6023688900496946,3.842443661919127,log1p_zscore
4,subnet_415__URLLC,URLLC,2024-06-30 16:00:00,2024-07-14 15:50:00,0.9753491867357883,2.1496224774690678,log1p_zscore
4,subnet_415__URLLC_eMBB_MIX,URLLC_eMBB_MIX,2024-06-30 16:00:00,2024-07-14 15:50:00,1.5346434792288506,2.6049713121814,log1p_zscore
4,subnet_415__eMBB,eMBB,2024-06-30 16:00:00,2024-07-14 15:50:00,0.17280168003315727,1.2865728480383065,log1p_zscore
4,subnet_415__mMTC,mMTC,2024-06-30 16:00:00,2024-07-14 15:50:00,0.6875371617642024,2.215423413430136,log1p_zscore
4,subnet_418__URLLC,URLLC,2024-06-30 16:00:00,2024-07-14 15:50:00,0.322748661063777,1.2983552260764157,log1p_zscore
4,subnet_418__URLLC_eMBB_MIX,URLLC_eMBB_MIX,2024-06-30 16:00:00,2024-07-14 15:50:00,0.5472880506450101,1.7492192216901385,log1p_zscore
4,subnet_418__eMBB,eMBB,2024-06-30 16:00:00,2024-07-14 15:50:00,0.0,1.0,log1p_zscore
4,subnet_418__mMTC,mMTC,2024-06-30 16:00:00,2024-07-14 15:50:00,0.02801289799133184,0.39750667118694893,log1p_zscore
4,subnet_419__URLLC,URLLC,2024-06-30 16:00:00,2024-07-14 15:50:00,0.30615112511869425,1.347411229930699,log1p_zscore
4,subnet_419__URLLC_eMBB_MIX,URLLC_eMBB_MIX,2024-06-30 16:00:00,2024-07-14 15:50:00,0.23812358858886853,1.2014105860180735,log1p_zscore
4,subnet_419__eMBB,eMBB,2024-06-30 16:00:00,2024-07-14 15:50:00,0.7169199861096429,2.589732276910099,log1p_zscore
4,subnet_419__mMTC,mMTC,2024-06-30 16:00:00,2024-07-14 15:50:00,3.23465775689921,3.9251899778314905,log1p_zscore
4,subnet_438__URLLC,URLLC,2024-06-30 16:00:00,2024-07-14 15:50:00,0.23370300246414552,1.1062199057196165,log1p_zscore
4,subnet_438__URLLC_eMBB_MIX,URLLC_eMBB_MIX,2024-06-30 16:00:00,2024-07-14 15:50:00,0.03669013723139596,0.4780608486139805,log1p_zscore
4,subnet_438__eMBB,eMBB,2024-06-30 16:00:00,2024-07-14 15:50:00,0.0,1.0,log1p_zscore
4,subnet_438__mMTC,mMTC,2024-06-30 16:00:00,2024-07-14 15:50:00,2.6760941396014943,2.5932152871959833,log1p_zscore
4,subnet_449__URLLC,URLLC,2024-06-30 16:00:00,2024-07-14 15:50:00,0.0,1.0,log1p_zscore
4,subnet_449__URLLC_eMBB_MIX,URLLC_eMBB_MIX,2024-06-30 16:00:00,2024-07-14 15:50:00,0.0,1.0,log1p_zscore
4,subnet_449__mMTC,mMTC,2024-06-30 16:00:00,2024-07-14 15:50:00,0.010835833923377627,0.2434189738848519,log1p_zscore
4,subnet_454__URLLC,URLLC,2024-06-30 16:00:00,2024-07-14 15:50:00,0.12460009368506395,0.8213915225818965,log1p_zscore
4,subnet_454__URLLC_eMBB_MIX,URLLC_eMBB_MIX,2024-06-30 16:00:00,2024-07-14 15:50:00,0.15616452564855504,0.9795327662412149,log1p_zscore
4,subnet_454__eMBB,eMBB,2024-06-30 16:00:00,2024-07-14 15:50:00,0.028416079780791467,0.5216191484421061,log1p_zscore
4,subnet_454__mMTC,mMTC,2024-06-30 16:00:00,2024-07-14 15:50:00,0.4715777285889924,1.7879876039809885,log1p_zscore
4,subnet_477__URLLC,URLLC,2024-06-30 16:00:00,2024-07-14 15:50:00,2.6176725750819063,5.087763108314292,log1p_zscore
4,subnet_477__URLLC_eMBB_MIX,URLLC_eMBB_MIX,2024-06-30 16:00:00,2024-07-14 15:50:00,2.7330858244635974,5.703963277179063,log1p_zscore
4,subnet_477__eMBB,eMBB,2024-06-30 16:00:00,2024-07-14 15:50:00,8.298702223182964,7.177841995430233,log1p_zscore
4,subnet_477__mMTC,mMTC,2024-06-30 16:00:00,2024-07-14 15:50:00,0.011844998477486251,0.3069214277969596,log1p_zscore
4,subnet_4__URLLC,URLLC,2024-06-30 16:00:00,2024-07-14 15:50:00,0.18241351343079443,0.9966564947946637,log1p_zscore
4,subnet_4__URLLC_eMBB_MIX,URLLC_eMBB_MIX,2024-06-30 16:00:00,2024-07-14 15:50:00,0.3196179528747615,1.349858597781941,log1p_zscore
4,subnet_4__mMTC,mMTC,2024-06-30 16:00:00,2024-07-14 15:50:00,0.01078344705580454,0.24233953881440146,log1p_zscore
4,subnet_522__URLLC,URLLC,2024-06-30 16:00:00,2024-07-14 15:50:00,0.9781860451332257,2.1723367365086848,log1p_zscore
4,subnet_522__URLLC_eMBB_MIX,URLLC_eMBB_MIX,2024-06-30 16:00:00,2024-07-14 15:50:00,1.1799535338739733,2.5501304297299403,log1p_zscore
4,subnet_522__eMBB,eMBB,2024-06-30 16:00:00,2024-07-14 15:50:00,0.0,1.0,log1p_zscore
4,subnet_522__mMTC,mMTC,2024-06-30 16:00:00,2024-07-14 15:50:00,2.065937665749432,2.578297931790894,log1p_zscore
4,subnet_65__URLLC,URLLC,2024-06-30 16:00:00,2024-07-14 15:50:00,0.0958594722350833,0.7843769842828603,log1p_zscore
4,subnet_65__URLLC_eMBB_MIX,URLLC_eMBB_MIX,2024-06-30 16:00:00,2024-07-14 15:50:00,0.02259072049108005,0.3839447533756442,log1p_zscore
4,subnet_65__eMBB,eMBB,2024-06-30 16:00:00,2024-07-14 15:50:00,0.1295288076483105,1.0554154026578275,log1p_zscore
4,subnet_65__mMTC,mMTC,2024-06-30 16:00:00,2024-07-14 15:50:00,3.7690317269016145,3.7452074126999504,log1p_zscore
4,subnet_66__URLLC,URLLC,2024-06-30 16:00:00,2024-07-14 15:50:00,0.14452359109817414,0.9887470065066919,log1p_zscore
4,subnet_66__URLLC_eMBB_MIX,URLLC_eMBB_MIX,2024-06-30 16:00:00,2024-07-14 15:50:00,0.013435039492412365,0.3017291734115213,log1p_zscore
4,subnet_66__eMBB,eMBB,2024-06-30 16:00:00,2024-07-14 15:50:00,0.27490924285375734,1.5070987260495508,log1p_zscore
4,subnet_66__mMTC,mMTC,2024-06-30 16:00:00,2024-07-14 15:50:00,3.9919208593848428,3.4962741153042347,log1p_zscore
4,subnet_67__URLLC,URLLC,2024-06-30 16:00:00,2024-07-14 15:50:00,0.14744374646280944,0.9818745721052149,log1p_zscore
4,subnet_67__URLLC_eMBB_MIX,URLLC_eMBB_MIX,2024-06-30 16:00:00,2024-07-14 15:50:00,0.016584423496207753,0.30571338498638423,log1p_zscore
4,subnet_67__eMBB,eMBB,2024-06-30 16:00:00,2024-07-14 15:50:00,0.29950464470981425,1.568330741409662,log1p_zscore
4,subnet_67__mMTC,mMTC,2024-06-30 16:00:00,2024-07-14 15:50:00,3.8965903415612297,3.4985139166011083,log1p_zscore
4,subnet_6__URLLC,URLLC,2024-06-30 16:00:00,2024-07-14 15:50:00,3.0906102695473394,4.097093707873789,log1p_zscore
4,subnet_6__URLLC_eMBB_MIX,URLLC_eMBB_MIX,2024-06-30 16:00:00,2024-07-14 15:50:00,4.01370612625517,3.953358260532384,log1p_zscore
4,subnet_6__eMBB,eMBB,2024-06-30 16:00:00,2024-07-14 15:50:00,9.317014211101014,6.481561728135407,log1p_zscore
4,subnet_6__mMTC,mMTC,2024-06-30 16:00:00,2024-07-14 15:50:00,7.210712657199186,3.224842240579308,log1p_zscore
4,subnet_70__URLLC,URLLC,2024-06-30 16:00:00,2024-07-14 15:50:00,2.810725038639479,3.0888567300145695,log1p_zscore
4,subnet_70__URLLC_eMBB_MIX,URLLC_eMBB_MIX,2024-06-30 16:00:00,2024-07-14 15:50:00,1.7589477330674663,2.830603798842702,log1p_zscore
4,subnet_70__eMBB,eMBB,2024-06-30 16:00:00,2024-07-14 15:50:00,0.5394366412004309,2.196925195527552,log1p_zscore
4,subnet_70__mMTC,mMTC,2024-06-30 16:00:00,2024-07-14 15:50:00,5.222993896509625,2.5695637083794916,log1p_zscore
4,subnet_7__URLLC,URLLC,2024-06-30 16:00:00,2024-07-14 15:50:00,0.32564957419477236,1.2736414427785516,log1p_zscore
4,subnet_7__URLLC_eMBB_MIX,URLLC_eMBB_MIX,2024-06-30 16:00:00,2024-07-14 15:50:00,0.3538530064892212,1.4124476727124777,log1p_zscore
4,subnet_7__mMTC,mMTC,2024-06-30 16:00:00,2024-07-14 15:50:00,0.026691611079551494,0.3785476295500917,log1p_zscore
4,subnet_85__URLLC,URLLC,2024-06-30 16:00:00,2024-07-14 15:50:00,0.0,1.0,log1p_zscore
4,subnet_85__URLLC_eMBB_MIX,URLLC_eMBB_MIX,2024-06-30 16:00:00,2024-07-14 15:50:00,0.0,1.0,log1p_zscore
4,subnet_85__eMBB,eMBB,2024-06-30 16:00:00,2024-07-14 15:50:00,0.0,1.0,log1p_zscore
4,subnet_85__mMTC,mMTC,2024-06-30 16:00:00,2024-07-14 15:50:00,0.0,1.0,log1p_zscore
4,subnet_87__URLLC,URLLC,2024-06-30 16:00:00,2024-07-14 15:50:00,0.8700066533800577,2.077563187224417,log1p_zscore
4,subnet_87__URLLC_eMBB_MIX,URLLC_eMBB_MIX,2024-06-30 16:00:00,2024-07-14 15:50:00,0.4492035993148641,1.5660257233254111,log1p_zscore
4,subnet_87__eMBB,eMBB,2024-06-30 16:00:00,2024-07-14 15:50:00,0.7532863089341688,2.5953889804024786,log1p_zscore
4,subnet_87__mMTC,mMTC,2024-06-30 16:00:00,2024-07-14 15:50:00,3.7131944873416143,3.541373176371591,log1p_zscore
